timestamp,baseline_shift_t,baseline_renewable_dispatch_t,baseline_grid_dispatch_t,baseline_served_load_t,baseline_shed_load_t,baseline_unserved_after_shedding_t,baseline_grid_cost_t,baseline_grid_carbon_t
2020-01-01 00:00:00,0.0,27.741755188549696,67.44030402272398,95.18205921127367,1.4210854715202004e-14,0.0,11.792877641804072,30.348136810225792
2020-01-01 01:00:00,0.0,45.693412048001925,45.73093757120997,91.4243496192119,0.0,0.0,4.644385133369891,20.57892190704449
2020-01-01 02:00:00,7.832093827041612,44.38186501990247,0.0,44.38186501990247,0.0,0.0,0.0,0.0
2020-01-01 03:00:00,0.0,70.29666401174634,2.4402521299822126,72.73691614172856,0.0,0.0,0.43469867802569145,1.0981134584919958
2020-01-01 04:00:00,0.0,74.44298557928276,70.9014667928323,145.34445237211506,0.0,0.0,7.2532662839930655,31.905660056774533
2020-01-01 05:00:00,0.0,19.9342514338926,73.25749768695373,93.19174912084632,0.0,0.0,8.01537014683872,32.965873959129176
2020-01-01 06:00:00,0.0,38.58747442827888,37.88000552522779,76.46747995350667,0.0,0.0,4.356008903433878,17.046002486352506
2020-01-01 07:00:00,0.0,31.775129268014908,63.59409509964482,95.36922436765973,0.0,0.0,7.515182796940825,28.61734279484017
2020-01-01 08:00:00,0.0,21.23155241023309,117.16537895753797,138.39693136777106,0.0,0.0,23.08792574395591,52.72442053089209
2020-01-01 09:00:00,0.0,26.26322974149664,69.48973950760579,95.75296924910243,0.0,0.0,11.25545261031365,31.270382778422608
2020-01-01 10:00:00,0.0,58.457779375413,30.461039180939053,88.91881855635205,0.0,0.0,4.858396251325407,13.707467631422574
2020-01-01 11:00:00,0.0,62.00083764888073,43.67597478143854,105.67681243031927,0.0,0.0,5.605600053034523,19.654188651647345
2020-01-01 12:00:00,0.0,17.65957685475036,37.0873985183017,54.74697537305205,0.0,0.0,8.63959379264548,16.689329333235765
2020-01-01 13:00:00,0.0,28.24555658773125,48.571926668397445,76.8174832561287,0.0,0.0,5.0022816212016625,21.85736700077885
2020-01-01 14:00:00,0.0,68.53614883581618,32.656595639124546,101.19274447494072,0.0,0.0,7.213198967283072,14.695468037606046
2020-01-01 15:00:00,9.98531286811357,56.583439585976905,0.0,56.583439585976905,0.0,0.0,0.0,0.0
2020-01-01 16:00:00,0.0,76.26282475539446,9.564131600889112,85.82695635628357,0.0,0.0,1.9173748113055076,4.303859220400101
2020-01-01 17:00:00,0.0,63.7978710220218,5.1435550510054,68.9414260730272,0.0,0.0,0.6693675974289718,2.31459977295243
2020-01-01 18:00:00,0.0,78.09470167492448,68.31844157623756,146.41314325116204,0.0,0.0,9.950636183770662,30.743298709306902
2020-01-01 19:00:00,21.776146433387,13.770682226562943,109.6274808959634,123.39816312252634,0.0,0.0,28.90021992378626,49.332366403183535
2020-01-01 20:00:00,0.0,47.83029596147743,91.00477094844915,138.83506690992658,0.0,0.0,9.508188180841739,40.952146926802115
2020-01-01 21:00:00,0.0,58.373191674051725,75.87021795188753,134.24340962593925,0.0,0.0,11.15510791079824,34.14159807834939
2020-01-01 22:00:00,0.0,61.63463486074425,2.5341357638137865,64.16877062455804,0.0,0.0,0.30582420907226815,1.1403610937162039
2020-01-01 23:00:00,0.0,18.0414196505044,80.89760430808937,98.93902395859376,0.0,0.0,19.196149573326828,36.40392193864022
2020-01-02 00:00:00,0.0,35.17217547670032,68.39379560754016,103.56597108424047,0.0,0.0,14.190496181479745,30.777208023393072
2020-01-02 01:00:00,0.0,40.47170105535628,56.47529269790216,96.94699375325844,0.0,0.0,10.911453870597136,25.413881714055975
2020-01-02 02:00:00,0.0,45.25963308602751,89.27630399039813,134.53593707642565,0.0,0.0,16.46697606201519,40.17433679567916
2020-01-02 03:00:00,20.122265804870956,17.871079514533008,96.15509337973576,114.02617289426877,0.0,0.0,24.333686421942012,43.26979202088109
2020-01-02 04:00:00,0.0,34.99567623374614,69.43677824103892,104.43245447478506,0.0,0.0,9.33370188826976,31.246550208467514
2020-01-02 05:00:00,0.0,34.68115788474092,106.57850373070704,141.25966161544795,0.0,0.0,24.212476484986038,47.96032667881817
2020-01-02 06:00:00,20.66156590082664,65.52346869004018,51.55873808131079,117.08220677135097,0.0,0.0,15.160939968986543,23.201432136589858
2020-01-02 07:00:00,0.0,72.73711486623051,0.0,72.73711486623051,0.0,0.0,0.0,0.0
2020-01-02 08:00:00,0.0,63.98411204054263,29.580660790252693,93.56477283079532,0.0,0.0,6.158830452715216,13.311297355613712
2020-01-02 09:00:00,21.920587317907525,35.10928585088724,89.10737561725543,124.21666146814266,0.0,0.0,22.97505387424374,40.098319027764944
2020-01-02 10:00:00,0.0,11.9798597216442,84.67752519036436,96.65738491200857,0.0,0.0,18.601957745139785,38.10488633566396
2020-01-02 11:00:00,0.0,45.57144561362785,91.36160509436135,136.9330507079892,0.0,0.0,17.250777575512643,41.11272229246261
2020-01-02 12:00:00,0.0,16.25643456779644,47.0298944377549,63.28632900555134,0.0,0.0,11.276894867444605,21.163452496989706
2020-01-02 13:00:00,0.0,13.51029195663606,44.49243069642006,58.00272265305612,0.0,0.0,6.9700013195317085,20.02159381338903
2020-01-02 14:00:00,0.0,19.11607531228984,93.31113097572526,112.4272062880151,0.0,0.0,12.866759208964215,41.99000893907637
2020-01-02 15:00:00,0.0,20.271588405598152,42.91650942131644,63.18809782691459,0.0,0.0,10.094279310311048,19.312429239592397
2020-01-02 16:00:00,0.0,59.06939845797709,45.03251025856629,104.10190871654338,0.0,0.0,4.832347316938321,20.26462961635483
2020-01-02 17:00:00,0.0,66.29689816334866,0.0,66.29689816334866,0.0,0.0,0.0,0.0
2020-01-02 18:00:00,11.417075557949406,11.234693597804512,53.462067897242136,64.69676149504664,0.0,0.0,14.623548869350039,24.05793055375896
2020-01-02 19:00:00,0.0,12.853221243803985,130.71382152174888,143.56704276555286,0.0,0.0,24.24084290907865,58.821219684786996
2020-01-02 20:00:00,0.0,18.913688041216496,128.04288276509362,146.9565708063101,0.0,0.0,26.59400507670397,57.619297244292135
2020-01-02 21:00:00,0.0,52.4316326544776,16.693363190375372,69.12499584485298,0.0,0.0,3.374644096295529,7.512013435668917
2020-01-02 22:00:00,0.0,60.79633715828565,14.919676773342402,75.71601393162805,0.0,0.0,2.559341709129403,6.713854548004082
2020-01-02 23:00:00,11.51253003582672,15.71381008128106,49.52386012173702,65.23767020301808,0.0,0.0,12.92347686635716,22.28573705478166
2020-01-03 00:00:00,0.0,39.18709241296489,23.98321930797121,63.1703117209361,0.0,0.0,4.373615490745794,10.792448688587045
2020-01-03 01:00:00,0.0,36.88867998619409,91.06255503859299,127.95123502478708,0.0,0.0,9.239380574678808,40.978149767366844
2020-01-03 02:00:00,18.089416436944813,24.718684426423565,77.78800871626372,102.50669314268728,0.0,0.0,22.382415371274217,35.00460392231867
2020-01-03 03:00:00,0.0,42.79970042675938,57.46283291538082,100.2625333421402,0.0,0.0,6.529179148298621,25.85827481192137
2020-01-03 04:00:00,0.0,34.480258917220624,90.31770830481035,124.79796722203098,0.0,0.0,9.792856375170173,40.64296873716466
2020-01-03 05:00:00,0.0,61.12957620922835,32.024033302611215,93.15360951183956,0.0,0.0,3.912660537063553,14.410814986175048
2020-01-03 06:00:00,0.0,66.55158354701419,66.59516735190084,133.14675089891503,0.0,0.0,14.341189637480522,29.96782530835538
2020-01-03 07:00:00,0.0,33.68003951059912,55.13213682530563,88.81217633590475,0.0,0.0,11.47475043626565,24.809461571387533
2020-01-03 08:00:00,0.0,17.051851947109444,48.32914291951303,65.38099486662247,0.0,0.0,5.582213478516256,21.748114313780864
2020-01-03 09:00:00,0.0,22.11263868367873,32.86684144210177,54.9794801257805,0.0,0.0,7.299597888519112,14.790078648945798
2020-01-03 10:00:00,0.0,47.53788042072641,85.28867048594354,132.82655090666995,0.0,0.0,14.490488648716491,38.379901718674596
2020-01-03 11:00:00,0.0,46.88631513096515,57.185424466729565,104.07173959769472,0.0,0.0,9.817598843768417,25.733441010028304
2020-01-03 12:00:00,0.0,51.4740961143535,17.958316922616405,69.4324130369699,0.0,0.0,3.7174718912463796,8.081242615177382
2020-01-03 13:00:00,0.0,78.31870054635645,11.653153754079952,89.9718543004364,0.0,0.0,2.874558011803697,5.243919189335979
2020-01-03 14:00:00,0.0,32.596103564924405,62.41511808251316,95.01122164743757,0.0,0.0,14.86388566015436,28.08680313713092
2020-01-03 15:00:00,0.0,34.65854227171406,97.65752489258495,132.316067164299,0.0,0.0,16.090118362440446,43.94588620166323
2020-01-03 16:00:00,21.37487760558641,60.921968370954055,60.20233806070228,121.12430643165634,0.0,0.0,17.3158476101755,27.091052127316026
2020-01-03 17:00:00,0.0,62.90650483775213,0.0,62.90650483775213,0.0,0.0,0.0,0.0
2020-01-03 18:00:00,0.0,58.47721434050025,64.53882289859234,123.01603723909258,0.0,0.0,8.320140546111752,29.042470304366557
2020-01-03 19:00:00,12.572434228661292,31.137495482518343,40.10629847989564,71.24379396241399,0.0,0.0,11.762944827936419,18.04783431595304
2020-01-03 20:00:00,0.0,71.18271475484947,70.85562035040202,142.0383351052515,0.0,0.0,14.384379179936827,31.88502915768091
2020-01-03 21:00:00,0.0,50.238699605105154,0.0,50.238699605105154,0.0,0.0,0.0,0.0
2020-01-03 22:00:00,0.0,67.3382093509953,0.0,67.3382093509953,0.0,0.0,0.0,0.0
2020-01-03 23:00:00,17.970652826580768,52.62883775826767,49.204861592356686,101.83369935062436,0.0,0.0,13.817938867363607,22.14218771656051
2020-01-04 00:00:00,0.0,33.693083715637,84.01251120012536,117.70559491576236,0.0,0.0,13.881848995254826,37.805630040056414
2020-01-04 01:00:00,11.338677961139517,64.25250844645726,0.0,64.25250844645726,0.0,0.0,0.0,0.0
2020-01-04 02:00:00,18.066824476418166,19.409060846146325,82.96961118688995,102.37867203303628,0.0,0.0,22.088861513980067,37.336325034100476
2020-01-04 03:00:00,0.0,74.86775664437701,39.070137688593505,113.93789433297052,0.0,0.0,5.511462032222273,17.581561959867077
2020-01-04 04:00:00,18.49822025873608,18.50707091846462,86.31617721437316,104.82324813283778,0.0,0.0,22.026499979474107,38.84227974646792
2020-01-04 05:00:00,0.0,62.854682691744365,79.99877433371378,142.85345702545814,0.0,0.0,19.24668655094155,35.9994484501712
2020-01-04 06:00:00,19.286279593408484,25.839188596376324,83.4497290996051,109.28891769598141,1.4210854715202004e-14,0.0,23.165810723053795,37.552378094822295
2020-01-04 07:00:00,21.182661165310243,77.39652731186844,42.63855262488961,120.03507993675805,0.0,0.0,11.488846050963263,19.187348681200326
2020-01-04 08:00:00,13.201662721955007,58.94372919396756,15.865692897110812,74.80942209107837,0.0,0.0,4.61199699044414,7.139561803699865
2020-01-04 09:00:00,22.264962424602547,31.241042005531245,94.92707840054986,126.1681204060811,0.0,0.0,26.98285132720415,42.717185280247435
2020-01-04 10:00:00,0.0,13.901858317949015,53.17490161923147,67.07675993718048,0.0,0.0,9.97989264451617,23.928705728654162
2020-01-04 11:00:00,0.0,36.18497319717635,15.119080238836098,51.304053436012445,0.0,0.0,2.513028449164003,6.803586107476244
2020-01-04 12:00:00,0.0,76.02313752431394,24.476914101779187,100.50005162609312,0.0,0.0,5.592278769646737,11.014611345800635
2020-01-04 13:00:00,0.0,50.08738549730018,37.96836760524004,88.05575310254022,0.0,0.0,8.246443225127035,17.08576542235802
2020-01-04 14:00:00,14.981359657276029,55.82013425221242,29.074237139018415,84.89437139123083,0.0,0.0,8.400047366799063,13.083406712558286
2020-01-04 15:00:00,8.463087972746607,47.95749851223077,0.0,47.95749851223077,0.0,0.0,0.0,0.0
2020-01-04 16:00:00,0.0,41.876382162530376,54.90392329909406,96.78030546162444,0.0,0.0,8.855378096229785,24.706765484592328
2020-01-04 17:00:00,0.0,61.38780162033396,0.0,61.38780162033396,0.0,0.0,0.0,0.0
2020-01-04 18:00:00,0.0,77.74988186297617,10.692220133457539,88.4421019964337,0.0,0.0,2.5400227059950424,4.811499060055893
2020-01-04 19:00:00,0.0,34.048190673290605,28.56674276689248,62.61493344018309,0.0,0.0,6.47397777404467,12.855034245101617
2020-01-04 20:00:00,0.0,77.650891491351,71.34574263433014,148.99663412568114,0.0,0.0,14.25938723496051,32.10558418544856
2020-01-04 21:00:00,0.0,52.54200256088737,0.0,52.54200256088737,0.0,0.0,0.0,0.0
2020-01-04 22:00:00,0.0,24.11923390982021,100.56742146784583,124.68665537766604,0.0,0.0,17.2526099120196,45.25533966053062
2020-01-04 23:00:00,0.0,41.22068933944131,14.065944899240101,55.28663423868141,0.0,0.0,2.2601364625638523,6.329675204658046
2020-01-05 00:00:00,0.0,27.60283221906783,110.97847616426566,138.5813083833335,0.0,0.0,23.994566406590465,49.94031427391955
2020-01-05 01:00:00,10.386373027274573,28.380860789986325,30.475253031236253,58.85611382122258,0.0,0.0,9.042293586086116,13.713863864056314
2020-01-05 02:00:00,0.0,62.17813873325606,16.881264938650858,79.05940367190692,0.0,0.0,3.3893262737696834,7.596569222392886
2020-01-05 03:00:00,0.0,72.81906139576296,52.602781578532756,125.42184297429571,0.0,0.0,10.397564675956085,23.671251710339742
2020-01-05 04:00:00,0.0,43.49446203696463,72.55506169699052,116.04952373395514,1.4210854715202004e-14,0.0,15.782180316732987,32.64977776364574
2020-01-05 05:00:00,0.0,67.549763748873,45.34436540693544,112.89412915580844,0.0,0.0,9.234129382834713,20.40496443312095
2020-01-05 06:00:00,0.0,30.65394843230576,109.55531184706547,140.20926027937122,0.0,0.0,20.682723922355233,49.29989033117946
2020-01-05 07:00:00,0.0,36.1378891065853,110.78251483771825,146.92040394430356,0.0,0.0,13.863027593616499,49.852131676973215
2020-01-05 08:00:00,0.0,12.29736726266701,95.55710373574361,107.85447099841062,0.0,0.0,17.04268664493793,43.00069668108463
2020-01-05 09:00:00,0.0,53.98359721963895,95.20519011681127,149.18878733645022,0.0,0.0,14.831648566290179,42.84233555256507
2020-01-05 10:00:00,17.329927205293078,17.487175654771672,80.71574517522245,98.20292082999413,0.0,0.0,20.427242215652033,36.32208532885011
2020-01-05 11:00:00,0.0,51.03764947881295,6.704695701178039,57.74234517999099,0.0,0.0,0.8919375112552421,3.017113065530118
2020-01-05 12:00:00,22.489986305916275,41.56393670376583,85.87931902975973,127.44325573352556,0.0,0.0,24.06050068684222,38.64569356339188
2020-01-05 13:00:00,16.124734844801598,43.78017854033355,47.59331891354218,91.37349745387573,0.0,0.0,13.389655658580812,21.41699351109398
2020-01-05 14:00:00,0.0,17.732033856136997,70.55177207507352,88.28380593121051,0.0,0.0,9.004148457670539,31.748297433783083
2020-01-05 15:00:00,0.0,67.21714786550112,69.41884996576366,136.63599783126477,0.0,0.0,13.448696310390767,31.238482484593646
2020-01-05 16:00:00,0.0,16.002290056742865,121.23076011140414,137.233050168147,0.0,0.0,13.880420637850909,54.55384205013186
2020-01-05 17:00:00,0.0,77.41994063811818,29.772738647677343,107.19267928579552,0.0,0.0,4.375347695725757,13.397732391454804
2020-01-05 18:00:00,0.0,31.36328672078131,51.1548919982198,82.51817871900111,0.0,0.0,7.849731936608166,23.01970139919891
2020-01-05 19:00:00,0.0,10.723513364940128,126.76353211267563,137.48704547761577,0.0,0.0,20.703401479985434,57.04358945070403
2020-01-05 20:00:00,9.890742627362986,29.15798520396756,26.889556351089364,56.047541555056924,0.0,0.0,7.613215974995516,12.100300357990214
2020-01-05 21:00:00,0.0,70.32877845345513,20.97797045755935,91.30674891101448,0.0,0.0,2.721831540986904,9.440086705901708
2020-01-05 22:00:00,0.0,31.16856455860897,50.13500460705165,81.30356916566062,0.0,0.0,9.30613114149491,22.56075207317324
2020-01-05 23:00:00,0.0,14.12133312361026,36.27940290443826,50.40073602804851,0.0,0.0,7.856904143394943,16.325731306997216
2020-01-06 00:00:00,0.0,18.527951805911734,83.24174161995384,101.76969342586557,1.4210854715202004e-14,0.0,17.21830098149642,37.45878372897923
2020-01-06 01:00:00,17.96930933504914,40.75944164299699,61.06664458894815,101.82608623194514,0.0,0.0,15.184410000010287,27.47999006502667
2020-01-06 02:00:00,0.0,67.0658050365529,0.6584454000068547,67.72425043655976,0.0,0.0,0.1161165735039883,0.29630043000308465
2020-01-06 03:00:00,0.0,18.579704928624157,123.14264546381247,141.72235039243662,0.0,0.0,24.20834898070188,55.414190458715616
2020-01-06 04:00:00,0.0,36.4895512068026,14.4709101358942,50.9604613426968,0.0,0.0,2.836573931269813,6.5119095611523905
2020-01-06 05:00:00,0.0,33.85426175169511,81.41892329461021,115.27318504630531,0.0,0.0,17.244735283373192,36.6385154825746
2020-01-06 06:00:00,0.0,69.18670565714476,62.79086663695145,131.9775722940962,0.0,0.0,13.068308338330858,28.25588998662815
2020-01-06 07:00:00,0.0,43.12962338172936,59.4191130202248,102.54873640195416,0.0,0.0,12.175725899681055,26.73860085910116
2020-01-06 08:00:00,0.0,71.60547299888937,11.55104943381862,83.15652243270799,0.0,0.0,2.788094397298697,5.197972245218379
2020-01-06 09:00:00,0.0,19.14597600249949,50.2671138226214,69.41308982512089,0.0,0.0,11.163274145591782,22.62020122017963
2020-01-06 10:00:00,0.0,73.91265562029363,67.92713879026755,141.83979441056118,0.0,0.0,9.112894562049362,30.567212455620396
2020-01-06 11:00:00,19.918747023749887,12.794710704966532,100.07818909628283,112.87289980124936,0.0,0.0,25.108629447962606,45.03518509332727
2020-01-06 12:00:00,0.0,16.805018457634198,50.289489195006276,67.09450765264047,0.0,0.0,7.790384289338925,22.630270137752824
2020-01-06 13:00:00,0.0,44.22623305425476,93.45538088717488,137.68161394142965,0.0,0.0,13.309603003174342,42.0549213992287
2020-01-06 14:00:00,9.086407362640974,45.50402788206044,5.985613839571748,51.48964172163219,0.0,0.0,1.6301954391914284,2.6935262278072867
2020-01-06 15:00:00,0.0,41.98896507022687,9.64297075302224,51.63193582324911,0.0,0.0,1.627024392998498,4.339336838860008
2020-01-06 16:00:00,0.0,20.14542709367507,57.69997164066004,77.8453987343351,0.0,0.0,11.911586333091378,25.964987238297017
2020-01-06 17:00:00,0.0,25.18136828336621,119.42815051199479,144.609518795361,0.0,0.0,15.130396208983692,53.742667730397656
2020-01-06 18:00:00,0.0,45.01552309145963,41.859121490153214,86.87464458161284,0.0,0.0,7.232417355731915,18.836604670568946
2020-01-06 19:00:00,0.0,72.34574165630548,22.257200752046316,94.6029424083518,0.0,0.0,5.247673436393335,10.015740338420843
2020-01-06 20:00:00,0.0,47.85631031534808,43.48451043033931,91.3408207456874,0.0,0.0,9.07783230444822,19.56802969365269
2020-01-06 21:00:00,0.0,64.82701186564651,0.0,64.82701186564651,0.0,0.0,0.0,0.0
2020-01-06 22:00:00,13.502863582726018,12.153492510011636,64.36273445876914,76.51622696878077,0.0,0.0,18.88285420866735,28.963230506446113
2020-01-06 23:00:00,0.0,18.85851859137234,49.31658101730193,68.17509960867427,0.0,0.0,9.595741118531285,22.192461457785868
2020-01-07 00:00:00,16.60502688362148,59.18627290715419,34.90887943336753,94.09515234052172,0.0,0.0,8.651488676657982,15.70899574501539
2020-01-07 01:00:00,11.474172444311371,15.79486977292038,49.225440744844065,65.02031051776444,0.0,0.0,13.0277184186343,22.15144833517983
2020-01-07 02:00:00,0.0,49.20823962780131,52.07301727476537,101.28125690256668,0.0,0.0,11.721753735216094,23.432857773644418
2020-01-07 03:00:00,11.347830135638784,64.30437076861978,0.0,64.30437076861978,0.0,0.0,0.0,0.0
2020-01-07 04:00:00,0.0,67.96308375295462,3.9020000401504404,71.86508379310506,0.0,0.0,0.9606892387089481,1.7559000180676982
2020-01-07 05:00:00,19.400010294258916,49.47041169833929,60.4629799691279,109.93339166746719,0.0,0.0,15.622061385578707,27.208340986107554
2020-01-07 06:00:00,18.944063574584977,20.316700028554465,87.0329935607604,107.34969358931487,0.0,0.0,24.85083646260675,39.16484710234218
2020-01-07 07:00:00,0.0,46.27356645064577,27.5544302278906,73.82799667853637,0.0,0.0,4.950918458583922,12.39949360255077
2020-01-07 08:00:00,0.0,66.00836151862899,47.711924670131395,113.72028618876038,0.0,0.0,8.785708932347795,21.47036610155913
2020-01-07 09:00:00,18.446703348379202,44.12256570093377,60.40875327321505,104.53131897414882,0.0,0.0,17.910069182900333,27.183938972946773
2020-01-07 10:00:00,12.210357521108403,60.03873724685731,9.153288706090308,69.19202595294762,0.0,0.0,2.5243797616797274,4.1189799177406385
2020-01-07 11:00:00,9.829040316191518,55.697895125085275,0.0,55.697895125085275,0.0,0.0,0.0,0.0
2020-01-07 12:00:00,0.0,21.70884791375188,71.36945353609435,93.07830144984624,0.0,0.0,7.542649686101239,32.11625409124246
2020-01-07 13:00:00,0.0,63.75518384977787,5.868017097798123,69.623200947576,0.0,0.0,1.2051247414047974,2.6406076940091556
2020-01-07 14:00:00,0.0,39.91800029144825,65.88946601655182,105.80746630800007,0.0,0.0,15.563753179989481,29.65025970744832
2020-01-07 15:00:00,0.0,32.614069899037034,49.1387983759907,81.75286827502774,0.0,0.0,6.933665559601418,22.112459269195817
2020-01-07 16:00:00,0.0,18.809356666475864,105.45209076478122,124.26144743125708,0.0,0.0,12.070966767586393,47.45344084415155
2020-01-07 17:00:00,0.0,10.144265142648148,134.8143121623358,144.95857730498395,0.0,0.0,14.770884712434992,60.66644047305111
2020-01-07 18:00:00,0.0,76.86860812157279,25.685882199502572,102.55449032107536,0.0,0.0,2.759364794732115,11.558646989776157
2020-01-07 19:00:00,21.47378985515176,73.22439913003078,48.46041004916255,121.68480917919332,0.0,0.0,13.136587125839112,21.807184522123148
2020-01-07 20:00:00,0.0,57.55540326909158,0.0,57.55540326909158,0.0,0.0,0.0,0.0
2020-01-07 21:00:00,9.782584652862186,51.86608373607796,3.568562630141095,55.434646366219056,0.0,0.0,0.9829931559916159,1.6058531835634928
2020-01-07 22:00:00,0.0,13.305457313503943,107.91612507563221,121.22158238913616,0.0,0.0,25.682198433547903,48.5622562840345
2020-01-07 23:00:00,8.143109276207797,46.14428589851085,0.0,46.14428589851085,0.0,0.0,0.0,0.0
2020-01-08 00:00:00,0.0,67.3607583526732,51.66875598642039,119.0295143390936,0.0,0.0,7.3571573968315445,23.25094019388918
2020-01-08 01:00:00,0.0,77.12136019024136,15.790952423670362,92.91231261391172,0.0,0.0,2.5263505939443207,7.105928590651663
2020-01-08 02:00:00,12.441605425992181,27.95851561389823,42.5439151333908,70.50243074728903,0.0,0.0,12.122473868155534,19.14476181002586
2020-01-08 03:00:00,0.0,52.13142360239279,0.0,52.13142360239279,0.0,0.0,0.0,0.0
2020-01-08 04:00:00,0.0,35.06810425335547,99.44495123373088,134.51305548708635,0.0,0.0,11.95485247165801,44.750228055178894
2020-01-08 05:00:00,0.0,22.798472322420967,48.72107120691689,71.51954352933785,0.0,0.0,11.396161605690176,21.9244820431126
2020-01-08 06:00:00,0.0,61.584592581686415,35.83906623559974,97.42365881728615,0.0,0.0,8.664233526653202,16.12757980601988
2020-01-08 07:00:00,9.45849108337326,53.59811613911514,0.0,53.59811613911514,0.0,0.0,0.0,0.0
2020-01-08 08:00:00,0.0,23.060944936940903,123.35940550186552,146.42035043880642,0.0,0.0,18.221503387755554,55.51173247583949
2020-01-08 09:00:00,0.0,78.26741151174424,58.506036769480815,136.77344828122506,0.0,0.0,8.105220786418304,26.327716546266366
2020-01-08 10:00:00,15.48266750694873,35.30213486729822,52.43298100541125,87.73511587270947,0.0,0.0,12.974910778646864,23.594841452435062
2020-01-08 11:00:00,0.0,76.43116768875103,36.923008758848226,113.35417644759926,0.0,0.0,5.08794492289923,16.615353941481704
2020-01-08 12:00:00,0.0,61.56747101238565,0.0,61.56747101238565,0.0,0.0,0.0,0.0
2020-01-08 13:00:00,0.0,13.3581669107828,116.01467871941385,129.37284563019665,0.0,0.0,28.1140725696271,52.206605423736235
2020-01-08 14:00:00,0.0,22.53226482271469,112.21019725608977,134.74246207880446,0.0,0.0,19.275008063586377,50.4945887652404
2020-01-08 15:00:00,0.0,78.40632606649777,69.20795845507311,147.61428452157088,0.0,0.0,10.964317161029753,31.143581304782902
2020-01-08 16:00:00,16.346169095467193,21.49777753722856,71.13051400375221,92.62829154098077,0.0,0.0,21.20523602364363,32.0087313016885
2020-01-08 17:00:00,0.0,54.27428185502581,14.1273110200162,68.40159287504201,0.0,0.0,1.794813714799114,6.35728995900729
2020-01-08 18:00:00,0.0,41.31166306598177,74.02675166213356,115.33841472811534,0.0,0.0,15.678599836262775,33.3120382479601
2020-01-08 19:00:00,9.750160497726558,20.89906612833542,34.35184335878175,55.25090948711717,0.0,0.0,10.146836947705916,15.458329511451788
2020-01-08 20:00:00,0.0,41.607222311825325,84.93758194080077,126.5448042526261,0.0,0.0,17.989744493185935,38.22191187336035
2020-01-08 21:00:00,17.482575132963763,79.5950022887922,19.472923464669122,99.06792575346132,0.0,0.0,5.576268594471281,8.762815559101105
2020-01-08 22:00:00,0.0,11.341148574859902,94.12831748862918,105.46946606348908,0.0,0.0,20.019878442688487,42.35774286988313
2020-01-08 23:00:00,0.0,45.87267997605653,35.12112580421319,80.99380578026972,0.0,0.0,4.328390808941786,15.804506611895937
2020-01-09 00:00:00,0.0,17.631770434003066,128.0203142651832,145.65208469918628,0.0,0.0,24.4481146602115,57.609141419332445
2020-01-09 01:00:00,0.0,71.98033815379195,8.75113132713868,80.73146948093063,0.0,0.0,1.7723205434051936,3.9380090972124058
2020-01-09 02:00:00,0.0,11.061429082222247,114.40520528458931,125.46663436681156,0.0,0.0,21.809933906494123,51.48234237806519
2020-01-09 03:00:00,14.568054270093036,17.854862099568017,64.69744543095919,82.5523075305272,0.0,0.0,18.789001178915203,29.113850443931636
2020-01-09 04:00:00,0.0,68.25175575115935,80.85355700910733,149.10531276026668,0.0,0.0,12.507075322963551,36.384100654098305
2020-01-09 05:00:00,11.513659720252965,65.24407174810014,0.0,65.24407174810014,0.0,0.0,0.0,0.0
2020-01-09 06:00:00,8.243256342900137,32.04840930129106,14.66337664180972,46.71178594310078,0.0,0.0,4.1802518244619735,6.598519488814374
2020-01-09 07:00:00,0.0,20.613647241715643,32.760459000861815,53.374106242577454,0.0,0.0,7.709117617858885,14.742206550387817
2020-01-09 08:00:00,0.0,54.968543521512125,0.0,54.968543521512125,0.0,0.0,0.0,0.0
2020-01-09 09:00:00,0.0,48.15026674983128,47.874034813915294,96.02430156374658,0.0,0.0,11.794916390471451,21.543315666261883
2020-01-09 10:00:00,0.0,49.86407283501059,14.340936087593334,64.20500892260392,0.0,0.0,3.4699723395512434,6.4534212394170005
2020-01-09 11:00:00,22.472301708733237,66.92380420527849,60.419238810876536,127.34304301615502,0.0,0.0,16.044548583994146,27.18865746489444
2020-01-09 12:00:00,20.531289159379057,22.67445178248998,93.669520120658,116.34397190314799,0.0,0.0,23.59514644225625,42.151284054296106
2020-01-09 13:00:00,0.0,26.70968859155694,57.28799050444884,83.99767909600578,0.0,0.0,12.172692833425822,25.77959572700198
2020-01-09 14:00:00,0.0,17.042309869772946,104.03623790869759,121.07854777847054,0.0,0.0,22.80113520410874,46.816307058913914
2020-01-09 15:00:00,18.64227208204245,45.04972948433038,60.589812313910166,105.63954179824054,0.0,0.0,18.03566492965921,27.265415541259575
2020-01-09 16:00:00,11.087085091798906,25.856588677994345,36.970226842199466,62.82681552019381,0.0,0.0,10.975946635522847,16.63660207898976
2020-01-09 17:00:00,13.079840710336223,41.13517317986434,32.98392417870758,74.11909735857192,0.0,0.0,9.426937425814133,14.842765880418412
2020-01-09 18:00:00,0.0,27.174983009778707,84.53062681614327,111.70560982592198,0.0,0.0,9.405443667149196,38.03878206726447
2020-01-09 19:00:00,0.0,57.93652217315361,0.0,57.93652217315361,0.0,0.0,0.0,0.0
2020-01-09 20:00:00,19.715747257848566,48.7093354333231,63.01323236115213,111.72256779447522,0.0,0.0,17.96856852555153,28.35595456251846
2020-01-09 21:00:00,0.0,53.79113911313608,23.018206383993473,76.80934549712956,0.0,0.0,4.09818002361605,10.358192872797064
2020-01-09 22:00:00,0.0,46.40316636681335,43.75613258566527,90.15929895247862,0.0,0.0,8.907083050597397,19.690259663549373
2020-01-09 23:00:00,12.551999303343214,71.12799605227822,0.0,71.12799605227822,0.0,0.0,0.0,0.0
2020-01-10 00:00:00,0.0,54.25466628159475,0.0,54.25466628159475,0.0,0.0,0.0,0.0
2020-01-10 01:00:00,0.0,62.5195059464958,24.439704772813485,86.95921071930928,0.0,0.0,3.6065879562245553,10.997867147766069
2020-01-10 02:00:00,0.0,59.07898481097767,34.26343458713286,93.34241939811054,0.0,0.0,4.795878478374687,15.418545564209788
2020-01-10 03:00:00,0.0,10.208612335566896,103.10430787359186,113.31292020915876,0.0,0.0,10.81488607400838,46.39693854311634
2020-01-10 04:00:00,0.0,74.81634607016265,59.94861231865751,134.76495838882016,0.0,0.0,9.145025863234938,26.97687554339588
2020-01-10 05:00:00,0.0,45.13741723937915,95.90658427365969,141.04400151303884,0.0,0.0,19.248888209950497,43.15796292314686
2020-01-10 06:00:00,0.0,24.18290902699876,42.40376023323306,66.58666926023182,0.0,0.0,4.522568403620057,19.081692104954875
2020-01-10 07:00:00,14.2681542125063,24.762840576849907,56.09003329401912,80.85287387086903,0.0,0.0,15.525211285974839,25.240514982308607
2020-01-10 08:00:00,0.0,68.17390684297041,29.91882667747271,98.09273352044312,0.0,0.0,5.292316717821335,13.46347200486272
2020-01-10 09:00:00,0.0,48.31078721052484,42.8288366309534,91.13962384147824,0.0,0.0,8.28648019343231,19.27297648392903
2020-01-10 10:00:00,11.78885851982601,27.99452471440317,38.809006897944215,66.80353161234738,0.0,0.0,10.14627845251868,17.464053104074896
2020-01-10 11:00:00,0.0,10.42135298323879,67.15335420556391,77.5747071888027,0.0,0.0,13.831722274144342,30.21900939250376
2020-01-10 12:00:00,15.98839606146688,54.25011391478332,36.350797100195656,90.60091101497898,0.0,0.0,9.718293995003389,16.357858695088044
2020-01-10 13:00:00,17.3446403268122,57.18665964838627,41.09963553688287,98.28629518526914,0.0,0.0,10.9892080795158,18.49483599159729
2020-01-10 14:00:00,0.0,21.08288697234735,114.75148864829157,135.83437562063892,0.0,0.0,25.71677907987948,51.63816989173121
2020-01-10 15:00:00,0.0,30.52566698631462,22.448298822353678,52.9739658086683,0.0,0.0,3.293516517663644,10.101734470059155
2020-01-10 16:00:00,0.0,61.85816593520768,49.019662154331044,110.87782808953872,0.0,0.0,7.420822919773547,22.05884796944897
2020-01-10 17:00:00,0.0,52.41562142126199,55.48491859688053,107.90054001814252,0.0,0.0,7.8517302305072745,24.968213368596242
2020-01-10 18:00:00,10.834877016543961,61.39763642708245,0.0,61.39763642708245,0.0,0.0,0.0,0.0
2020-01-10 19:00:00,0.0,70.56585677074074,71.2332074691299,141.79906423987063,0.0,0.0,15.538593246246181,32.05494336110846
2020-01-10 20:00:00,0.0,28.701541664683944,107.95557872965382,136.65712039433777,0.0,0.0,22.8790381195451,48.580010428344224
2020-01-10 21:00:00,0.0,52.288034685023085,38.25368120452183,90.54171588954492,0.0,0.0,5.450231218893877,17.214156542034825
2020-01-10 22:00:00,0.0,24.009655680621428,57.45148231774724,81.46113799836867,0.0,0.0,8.095495324905158,25.85316704298626
2020-01-10 23:00:00,0.0,58.60374923181861,91.20049307097842,149.80424230279704,0.0,0.0,19.404179908007855,41.04022188194029
2020-01-11 00:00:00,0.0,62.75406099775675,47.4069704657291,110.16103146348586,0.0,0.0,6.64591884630189,21.333136709578095
2020-01-11 01:00:00,20.037785583945507,24.78730806311432,88.76014357924355,113.54745164235787,0.0,0.0,25.938794792471782,39.9420646106596
2020-01-11 02:00:00,0.0,34.54376232881117,60.21716791381748,94.76093024262865,0.0,0.0,14.190125587501225,27.097725561217864
2020-01-11 03:00:00,0.0,66.03184523445739,4.014440480916974,70.04628571537437,0.0,0.0,0.5604463106348936,1.8064982164126384
2020-01-11 04:00:00,0.0,56.88411344637037,0.0,56.88411344637037,0.0,0.0,0.0,0.0
2020-01-11 05:00:00,14.519258474255231,35.76318603883962,46.51261198194004,82.27579802077966,0.0,0.0,11.89729143784493,20.93067539187302
2020-01-11 06:00:00,0.0,22.9809951626548,123.19159141423799,146.1725865768928,0.0,0.0,15.149990208260464,55.4362161364071
2020-01-11 07:00:00,0.0,17.304710884080023,60.72221177879,78.02692266287002,0.0,0.0,10.140394338670609,27.324995300455498
2020-01-11 08:00:00,0.0,20.938287529042388,32.777006347575195,53.71529387661758,0.0,0.0,6.200150086960579,14.749652856408838
2020-01-11 09:00:00,12.129948233709822,63.46657648474978,5.269796839605874,68.73637332435565,0.0,0.0,1.3717872515967546,2.3714085778226432
2020-01-11 10:00:00,0.0,43.775443984782406,66.27173191829667,110.04717590307908,0.0,0.0,7.961204414226257,29.822279363233502
2020-01-11 11:00:00,0.0,66.3731020552317,6.898658812251384,73.27176086748308,0.0,0.0,0.8095017732208715,3.1043964655131226
2020-01-11 12:00:00,0.0,43.361302774513696,8.273800823597533,51.63510359811123,0.0,0.0,1.5170667746207163,3.7232103706188897
2020-01-11 13:00:00,9.153205412948202,51.86816400670648,0.0,51.86816400670648,0.0,0.0,0.0,0.0
2020-01-11 14:00:00,0.0,67.03588103775957,67.71838442493413,134.7542654626937,0.0,0.0,10.665581835478688,30.47327299122036
2020-01-11 15:00:00,0.0,18.401179462357888,60.11129163964179,78.51247110199968,0.0,0.0,14.114468513339899,27.050081237838807
2020-01-11 16:00:00,0.0,13.84866372310309,41.20863287971082,55.057296602813906,7.105427357601002e-15,0.0,6.618771233223834,18.543884795869868
2020-01-11 17:00:00,15.995480652212827,41.06912491637216,49.57193211283386,90.64105702920602,0.0,0.0,14.26996251118236,22.30736945077524
2020-01-11 18:00:00,13.029008089857113,61.76617254163502,12.064873300888614,73.83104584252364,0.0,0.0,3.0060610050863956,5.429192985399877
2020-01-11 19:00:00,0.0,78.34398670427773,7.796742551498582,86.14072925577631,0.0,0.0,1.4499515004926393,3.508534148174362
2020-01-11 20:00:00,0.0,54.587870941884766,7.5369028385880625,62.12477378047283,0.0,0.0,1.0496148732953847,3.391606277364628
2020-01-11 21:00:00,0.0,65.14651753666139,17.851739258249438,82.99825679491083,0.0,0.0,3.871727953394622,8.033282666212248
2020-01-11 22:00:00,0.0,10.412919805433017,47.26943062705098,57.682350432484,0.0,0.0,5.739864765726375,21.27124378217294
2020-01-11 23:00:00,0.0,43.54112897521473,93.11814918663582,136.65927816185055,0.0,0.0,10.355211018255108,41.903167133986116
2020-01-12 00:00:00,0.0,22.312903735354787,92.69591275648048,115.00881649183526,1.4210854715202004e-14,0.0,20.176618579447407,41.71316074041622
2020-01-12 01:00:00,0.0,13.20257539924586,94.0834652402137,107.28604063945956,0.0,0.0,19.952457562558493,42.337559358096165
2020-01-12 02:00:00,0.0,59.60021718753828,0.0,59.60021718753828,0.0,0.0,0.0,0.0
2020-01-12 03:00:00,15.625624099459301,14.003840513602857,74.54136271666653,88.54520323026938,0.0,0.0,21.482733013006865,33.543613222499935
2020-01-12 04:00:00,0.0,22.471756509453225,74.00151781746605,96.47327432691928,0.0,0.0,9.560191256094775,33.300683017859726
2020-01-12 05:00:00,0.0,56.36850340956795,0.0,56.36850340956795,0.0,0.0,0.0,0.0
2020-01-12 06:00:00,0.0,62.69001283035693,48.8850298374284,111.57504266778533,0.0,0.0,7.885953643518351,21.99826342684278
2020-01-12 07:00:00,0.0,18.699846565884453,35.09892233236445,53.79876889824891,0.0,0.0,7.969459351616299,15.794515049564003
2020-01-12 08:00:00,13.319813653343678,73.6154372690768,1.8635067665373697,75.47894403561418,0.0,0.0,0.5090995689262248,0.8385780449418164
2020-01-12 09:00:00,0.0,78.92069446044725,23.132016791216742,102.052711251664,0.0,0.0,5.482219004595402,10.409407556047535
2020-01-12 10:00:00,16.01223598009712,78.61453711399409,12.121466773222934,90.73600388721702,0.0,0.0,3.4752449217672043,5.454660047950321
2020-01-12 11:00:00,0.0,28.272722644280684,117.3758445796642,145.6485672239449,0.0,0.0,16.33305329515483,52.81913006084889
2020-01-12 12:00:00,9.37892707356499,40.33529038777774,12.811963029090542,53.14725341686828,0.0,0.0,3.505839411232647,5.765383363090744
2020-01-12 13:00:00,0.0,43.36603169398615,30.53018222559441,73.89621391958056,0.0,0.0,4.59532224026728,13.738582001517484
2020-01-12 14:00:00,0.0,24.53435459590784,65.80565805972152,90.34001265562937,0.0,0.0,7.765053512985088,29.612546126874687
2020-01-12 15:00:00,0.0,52.61085626320174,75.01577347100228,127.62662973420402,0.0,0.0,8.36283564728125,33.75709806195103
2020-01-12 16:00:00,9.174881116348011,14.850587660067276,37.14040533257146,51.99099299263874,0.0,0.0,10.179768749169533,16.713182399657157
2020-01-12 17:00:00,18.88180365742459,68.35731101221707,38.639576379855626,106.9968873920727,0.0,0.0,9.736202343989923,17.38780937093503
2020-01-12 18:00:00,0.0,31.779231442429207,78.75665130792584,110.53588275035504,0.0,0.0,16.876068382683023,35.440493088566626
2020-01-12 19:00:00,0.0,15.20424593412644,120.25512883817908,135.45937477230552,0.0,0.0,18.335291898581655,54.11480797718058
2020-01-12 20:00:00,0.0,29.355040541476495,85.11580384902739,114.47084439050388,0.0,0.0,13.828642896641544,38.30211173206232
2020-01-12 21:00:00,0.0,17.152293583579556,82.84485278059532,99.99714636417488,0.0,0.0,9.295505227266746,37.28018375126789
2020-01-12 22:00:00,0.0,37.3666088849877,110.55483925165763,147.92144813664532,0.0,0.0,27.160853838449334,49.74967766324593
2020-01-12 23:00:00,0.0,53.36687786716668,29.902218548460965,83.26909641562764,0.0,0.0,6.003005941910329,13.455998346807435
2020-01-13 00:00:00,0.0,26.27615523843599,80.23579925561701,106.511954494053,0.0,0.0,9.995714054505175,36.10610966502765
2020-01-13 01:00:00,0.0,15.535471066181437,90.47658907024172,106.01206013642314,1.4210854715202004e-14,0.0,12.27364004276981,40.71446508160877
2020-01-13 02:00:00,10.075918924319819,54.41929195066048,2.677581953818489,57.09687390447897,0.0,0.0,0.7568728179025407,1.2049118792183202
2020-01-13 03:00:00,0.0,22.345264514643077,70.582851681677,92.92811619632008,0.0,0.0,9.284073155960568,31.76228325675465
2020-01-13 04:00:00,11.469643260609717,19.54488277594153,45.44976236751353,64.99464514345506,0.0,0.0,13.113684489600484,20.452393065381088
2020-01-13 05:00:00,19.244623032715964,78.69940350475926,30.35346034729787,109.05286385205713,0.0,0.0,8.703427966136184,13.65905715628404
2020-01-13 06:00:00,0.0,35.84700767751784,23.574377754151556,59.42138543166939,0.0,0.0,2.9233447128410197,10.608469989368201
2020-01-13 07:00:00,0.0,72.39827022315228,53.22354863717402,125.6218188603263,0.0,0.0,11.739659129004103,23.95059688672831
2020-01-13 08:00:00,0.0,43.288236285941565,103.57723024347152,146.86546652941308,0.0,0.0,16.91173899623858,46.60975360956218
2020-01-13 09:00:00,19.24979525405703,26.048558244644347,83.03361486167884,109.08217310632318,0.0,0.0,23.66696560674477,37.36512668775548
2020-01-13 10:00:00,12.963201886579393,71.00135468935594,2.4567893345939495,73.45814402394988,0.0,0.0,0.7134609533562741,1.1055552005672773
2020-01-13 11:00:00,0.0,67.54697309363061,12.68447561360341,80.23144870723402,0.0,0.0,1.6546496134877582,5.708014026121535
2020-01-13 12:00:00,0.0,46.62092798505126,94.50239605738074,141.123324042432,0.0,0.0,16.384824053606295,42.52607822582133
2020-01-13 13:00:00,0.0,38.96831392639675,84.03802429879735,123.0063382251941,0.0,0.0,15.811740601885404,37.81711093445881
2020-01-13 14:00:00,0.0,24.788908757829702,93.86471387307881,118.65362263090852,0.0,0.0,22.402095333799362,42.23912124288547
2020-01-13 15:00:00,0.0,24.16530568530049,124.92626701990599,149.0915727052065,0.0,0.0,21.51021432278535,56.216820158957695
2020-01-13 16:00:00,0.0,48.06409135777216,62.91814109774982,110.98223245552198,0.0,0.0,11.075390418146373,28.313163493987417
2020-01-13 17:00:00,0.0,28.214775290451275,38.82859827086237,67.04337356131364,0.0,0.0,6.055802752308291,17.472869221888068
2020-01-13 18:00:00,0.0,18.39372881410484,67.27635493927059,85.67008375337542,1.4210854715202004e-14,0.0,6.762966463788261,30.274359722671765
2020-01-13 19:00:00,0.0,77.66129946024567,24.432631863305886,102.09393132355156,0.0,0.0,2.6440368245021952,10.99468433848765
2020-01-13 20:00:00,0.0,45.28302076844837,43.45339666974924,88.7364174381976,0.0,0.0,9.156772230918012,19.554028501387158
2020-01-13 21:00:00,0.0,61.12924577799346,3.544649932846724,64.67389571084018,0.0,0.0,0.38583759395525363,1.5950924697810258
2020-01-13 22:00:00,7.864298002413685,36.07082959536956,8.493525751641329,44.56435534701089,0.0,0.0,2.5128909435106044,3.822086588238598
2020-01-13 23:00:00,0.0,34.37448058331415,34.382831896727566,68.75731248004172,0.0,0.0,8.223032374785591,15.472274353527405
2020-01-14 00:00:00,0.0,36.67343306624327,42.89893900343797,79.57237206968124,0.0,0.0,6.075403059597081,19.304522551547084
2020-01-14 01:00:00,10.072761858764526,52.799504877401226,4.279478988931096,57.07898386633232,0.0,0.0,1.182140191250109,1.9257655450189934
2020-01-14 02:00:00,0.0,34.7014143344788,85.37535087851586,120.07676521299466,0.0,0.0,14.30166136346146,38.41890789533214
2020-01-14 03:00:00,0.0,70.89382257769708,37.48700435266002,108.3808269303571,0.0,0.0,8.112073373219948,16.86915195869701
2020-01-14 04:00:00,0.0,21.179087218982936,114.83298316168052,136.01207038066346,0.0,0.0,23.55042990635308,51.674842422756235
2020-01-14 05:00:00,0.0,32.191365322840305,95.42544550857559,127.6168108314159,0.0,0.0,13.11408548591988,42.94145047885902
2020-01-14 06:00:00,0.0,34.69613747853878,69.03615217021297,103.73228964875176,0.0,0.0,13.047385654040665,31.066268476595837
2020-01-14 07:00:00,0.0,53.985619314753386,16.87352073310084,70.85914004785423,0.0,0.0,3.4649184308388827,7.593084329895378
2020-01-14 08:00:00,0.0,49.00644580839135,53.42517044004529,102.43161624843664,0.0,0.0,6.043177447387401,24.04132669802038
2020-01-14 09:00:00,0.0,32.12627773502204,57.70958679933598,89.83586453435802,0.0,0.0,9.675047017421667,25.96931405970119
2020-01-14 10:00:00,0.0,59.40636335543892,0.0,59.40636335543892,0.0,0.0,0.0,0.0
2020-01-14 11:00:00,0.0,49.722643205247,90.1866235298099,139.90926673505692,0.0,0.0,16.42023874678717,40.58398058841446
2020-01-14 12:00:00,0.0,24.739894824054208,72.5136768516998,97.253571675754,0.0,0.0,16.56233782972935,32.63115458326491
2020-01-14 13:00:00,0.0,38.11309575559111,53.58271032910307,91.69580608469418,0.0,0.0,11.211105334728686,24.11221964809638
2020-01-14 14:00:00,0.0,62.34639724771869,0.0,62.34639724771869,0.0,0.0,0.0,0.0
2020-01-14 15:00:00,0.0,42.58004434952832,23.540365115873485,66.1204094654018,0.0,0.0,4.818833704298271,10.593164302143068
2020-01-14 16:00:00,15.608703114739214,65.41253821388628,23.03677943630261,88.44931765018889,0.0,0.0,6.191028458873078,10.366550746336175
2020-01-14 17:00:00,0.0,34.56641416735236,93.49498812033703,128.0614022876894,0.0,0.0,16.054400169856393,42.07274465415166
2020-01-14 18:00:00,16.188909625499104,59.00794639874725,32.72920814574766,91.73715454449491,0.0,0.0,8.499862401019913,14.72814366558645
2020-01-14 19:00:00,0.0,53.19051399587613,0.0,53.19051399587613,0.0,0.0,0.0,0.0
2020-01-14 20:00:00,0.0,46.86665287007962,89.12701728827643,135.99367015835605,0.0,0.0,21.78811070850864,40.107157779724396
2020-01-14 21:00:00,0.0,26.718656287565366,66.85502487489484,93.5736811624602,0.0,0.0,12.782883717821987,30.08476119370268
2020-01-14 22:00:00,0.0,43.01884398123711,35.56188967199496,78.58073365323207,0.0,0.0,4.7569941331899965,16.002850352397733
2020-01-14 23:00:00,0.0,56.16973722221735,29.686391732915055,85.8561289551324,0.0,0.0,4.415219547439146,13.358876279811776
2020-01-15 00:00:00,0.0,44.01606387681485,95.29112869706822,139.30719257388307,0.0,0.0,13.509499575609448,42.8810079136807
2020-01-15 01:00:00,0.0,33.24681570592309,21.99479270374735,55.24160840967044,0.0,0.0,2.95983642254083,9.897656716686308
2020-01-15 02:00:00,0.0,65.57205789273092,0.0,65.57205789273092,0.0,0.0,0.0,0.0
2020-01-15 03:00:00,17.208329783597534,41.164412000627706,56.34945677309166,97.51386877371937,0.0,0.0,14.082011109118657,25.35725554789125
2020-01-15 04:00:00,9.230001711122815,41.32822887300363,10.975114156692328,52.30334302969596,0.0,0.0,3.0253201105499765,4.938801370511547
2020-01-15 05:00:00,8.896341478521123,23.88766938864437,26.524932322975324,50.41260171161969,0.0,0.0,7.89940956774571,11.936219545338897
2020-01-15 06:00:00,0.0,43.36117638134551,85.02846310721571,128.38963948856122,0.0,0.0,17.978907758991948,38.262808398247074
2020-01-15 07:00:00,17.378494059389148,11.456041142171312,87.02209186103384,98.47813300320516,0.0,0.0,23.120777285131048,39.15994133746523
2020-01-15 08:00:00,0.0,52.92727659676422,9.892356291526134,62.81963288829036,0.0,0.0,2.3905104864511904,4.45156033118676
2020-01-15 09:00:00,0.0,23.29918687812883,46.72452445274207,70.0237113308709,0.0,0.0,8.186412981974973,21.026036003733932
2020-01-15 10:00:00,0.0,54.15172142327359,31.284996051751797,85.43671747502539,0.0,0.0,4.88944240135248,14.078248223288309
2020-01-15 11:00:00,0.0,50.1517579035499,12.691750128318354,62.843508031868254,0.0,0.0,2.456418597560346,5.711287557743259
2020-01-15 12:00:00,0.0,71.83583055820101,18.180866868512865,90.01669742671388,0.0,0.0,2.2585158716791116,8.18139009083079
2020-01-15 13:00:00,0.0,40.49875333757343,83.65717709285727,124.1559304304307,0.0,0.0,19.17379495079109,37.645729691785775
2020-01-15 14:00:00,0.0,71.35012387480961,75.188806687501,146.5389305623106,0.0,0.0,14.286489608162759,33.83496300937545
2020-01-15 15:00:00,0.0,18.899922530749063,63.7325932378139,82.63251576856297,0.0,0.0,12.250360222443643,28.679666957016256
2020-01-15 16:00:00,0.0,24.332913929391115,118.64696160942114,142.97987553881225,0.0,0.0,17.820282138976026,53.39113272423951
2020-01-15 17:00:00,0.0,19.30723941308215,117.65113857940881,136.95837799249097,0.0,0.0,25.10481056170547,52.94301236073397
2020-01-15 18:00:00,0.0,11.46805546333764,112.61442270870722,124.08247817204486,0.0,0.0,18.120895583246135,50.676490218918254
2020-01-15 19:00:00,0.0,38.65968830003716,20.90698120886602,59.56666950890318,0.0,0.0,3.397331160728829,9.40814154398971
2020-01-15 20:00:00,15.978687284138783,76.88099293649599,13.664901673623788,90.54589461011977,0.0,0.0,3.7802955137199534,6.149205753130705
2020-01-15 21:00:00,0.0,51.51132059297995,90.36310245008258,141.87442304306254,0.0,0.0,10.862698144134555,40.66339610253716
2020-01-15 22:00:00,0.0,48.455119440106095,50.80090582191378,99.25602526201988,0.0,0.0,5.798636532896952,22.860407619861203
2020-01-15 23:00:00,0.0,73.0982335584537,0.0,73.0982335584537,0.0,0.0,0.0,0.0
2020-01-16 00:00:00,0.0,49.09879122771067,58.509979206645774,107.60877043435644,0.0,0.0,12.168754437926587,26.3294906429906
2020-01-16 01:00:00,9.80577846072408,33.30132460651716,22.264753337585958,55.56607794410312,0.0,0.0,5.588006139781047,10.01913900191368
2020-01-16 02:00:00,22.104653790321674,54.38096722921303,70.8787375826098,125.25970481182283,0.0,0.0,20.47844905336121,31.895431912174413
2020-01-16 03:00:00,0.0,74.47662245367204,31.03017930572331,105.50680175939534,0.0,0.0,6.48282717803665,13.963580687575488
2020-01-16 04:00:00,0.0,68.04490603551795,80.19076990241365,148.2356759379316,0.0,0.0,19.60350346333174,36.085846456086145
2020-01-16 05:00:00,0.0,76.43145167640043,0.0,76.43145167640043,0.0,0.0,0.0,0.0
2020-01-16 06:00:00,0.0,15.113342087613326,57.96732229629253,73.08066438390586,0.0,0.0,5.934465894971324,26.08529503333164
2020-01-16 07:00:00,16.90765595653639,62.81975699766056,32.99029342271233,95.81005042037289,0.0,0.0,8.43339778071376,14.845632040220547
2020-01-16 08:00:00,19.801724751705944,11.443410582183262,100.76636301081709,112.20977359300035,0.0,0.0,28.325132461387145,45.34486335486769
2020-01-16 09:00:00,0.0,61.54721876572046,75.25513431774152,136.80235308346198,0.0,0.0,14.447752041873395,33.86481044298369
2020-01-16 10:00:00,0.0,52.47255508759012,94.86443336917121,147.33698845676133,0.0,0.0,14.072241081144174,42.688995016127045
2020-01-16 11:00:00,0.0,70.49770185671362,37.4813603207603,107.97906217747392,0.0,0.0,5.7197511772387655,16.866612144342138
2020-01-16 12:00:00,0.0,18.719248342986987,110.63635556810561,129.3556039110926,0.0,0.0,24.981333450859747,49.78636000564753
2020-01-16 13:00:00,20.822427822143805,13.840496013736049,104.15326164507884,117.99375765881489,0.0,0.0,25.975101978807864,46.86896774028548
2020-01-16 14:00:00,21.108932521004128,37.82498126475621,81.79230302093384,119.61728428569006,0.0,0.0,21.716991460654807,36.80653635942023
2020-01-16 15:00:00,0.0,46.6313767949889,99.70482872459954,146.33620551958845,0.0,0.0,17.446108895381098,44.86717292606979
2020-01-16 16:00:00,0.0,17.83976429740588,45.414758333895655,63.25452263130153,0.0,0.0,10.053167523102097,20.436641250253047
2020-01-16 17:00:00,0.0,46.66851134609026,12.806365233171064,59.47487657926133,0.0,0.0,3.049675824225484,5.762864354926979
2020-01-16 18:00:00,19.492744011863287,21.51161744324531,88.94726529064664,110.45888273389195,0.0,0.0,22.870720058948237,40.02626938079099
2020-01-16 19:00:00,0.0,54.688309561614375,57.74114985027502,112.4294594118894,0.0,0.0,8.266610097617765,25.98351743262376
2020-01-16 20:00:00,0.0,64.54108793715369,58.45179049964371,122.9928784367974,0.0,0.0,6.556728952767176,26.303305724839667
2020-01-16 21:00:00,11.917429334762407,65.38637005660269,2.1457295070509588,67.53209956365365,0.0,0.0,0.5710060745902186,0.9655782781729315
2020-01-16 22:00:00,0.0,13.949095559157858,123.06446939567087,137.01356495482872,0.0,0.0,29.562873919510405,55.379011228051894
2020-01-16 23:00:00,0.0,27.293739208376667,42.8680198863742,70.16175909475086,0.0,0.0,7.89085913199888,19.29060894886839
2020-01-17 00:00:00,0.0,56.133878108936166,0.0,56.133878108936166,0.0,0.0,0.0,0.0
2020-01-17 01:00:00,10.309587783986512,58.420997442590235,0.0,58.420997442590235,0.0,0.0,0.0,0.0
2020-01-17 02:00:00,0.0,75.99484319588346,41.448276172858044,117.4431193687415,0.0,0.0,4.324970571890899,18.65172427778612
2020-01-17 03:00:00,0.0,62.46045081409889,86.35728852361026,148.81773933770916,0.0,0.0,18.93907717590118,38.86077983562462
2020-01-17 04:00:00,0.0,26.37036501045948,29.736983299609335,56.107348310068815,0.0,0.0,6.087070746388318,13.381642484824201
2020-01-17 05:00:00,13.228889507237215,74.96370720767756,0.0,74.96370720767756,0.0,0.0,0.0,0.0
2020-01-17 06:00:00,0.0,66.78282020515914,21.485292373512223,88.26811257867136,0.0,0.0,2.714966361377274,9.6683815680805
2020-01-17 07:00:00,16.694237171343687,18.77345065927668,75.82722664500423,94.60067730428091,0.0,0.0,19.927478267053168,34.122251990251904
2020-01-17 08:00:00,0.0,10.993314705165648,78.3273411149526,89.32065582011825,0.0,0.0,17.03493563753276,35.24730350172867
2020-01-17 09:00:00,12.355509221782379,70.0145522567668,0.0,70.0145522567668,0.0,0.0,0.0,0.0
2020-01-17 10:00:00,0.0,54.78116251793404,35.424227344864356,90.2053898627984,0.0,0.0,5.17767163779672,15.94090230518896
2020-01-17 11:00:00,0.0,78.71747144540906,17.938933242815438,96.6564046882245,0.0,0.0,1.894745898994765,8.072519959266947
2020-01-17 12:00:00,19.296296605325896,50.9341362507441,58.411544512769325,109.34568076351343,0.0,0.0,16.47597894848418,26.2851950307462
2020-01-17 13:00:00,0.0,76.11217694196377,30.5682989961866,106.68047593815037,0.0,0.0,7.428013435348261,13.75573454828397
2020-01-17 14:00:00,15.903456368480917,11.162928830269989,78.95665725778855,90.11958608805854,0.0,0.0,23.34393732975525,35.53049576600485
2020-01-17 15:00:00,0.0,30.47057725492802,113.51129686585277,143.9818741207808,0.0,0.0,21.568836060151636,51.080083589633745
2020-01-17 16:00:00,0.0,40.70054847243682,77.7994136163633,118.49996208880012,0.0,0.0,7.940872538841622,35.00973612736348
2020-01-17 17:00:00,0.0,53.25836539526704,46.65224108783682,99.91060648310386,0.0,0.0,10.526597915658588,20.99350848952657
2020-01-17 18:00:00,0.0,11.444136963724846,109.10018584556131,120.54432280928616,0.0,0.0,14.89883022008381,49.09508363050259
2020-01-17 19:00:00,0.0,42.59217588711195,66.08146993821171,108.67364582532366,0.0,0.0,10.322000966840456,29.73666147219527
2020-01-17 20:00:00,0.0,31.637552742689795,31.769665408447086,63.40721815113688,0.0,0.0,4.3645657045917,14.296349433801188
2020-01-17 21:00:00,0.0,19.935013557196967,93.21667517098253,113.1516887281795,0.0,0.0,9.82481602561762,41.94750382694214
2020-01-17 22:00:00,0.0,78.09793922757308,29.675362094489827,107.7733013220629,0.0,0.0,4.7712674095203855,13.353912942520422
2020-01-17 23:00:00,20.507915008030043,36.99135956091328,79.22015881792365,116.21151837883693,0.0,0.0,22.253265864155935,35.64907146806564
2020-01-18 00:00:00,0.0,52.230331916535015,0.9615473846034277,53.19187930113844,0.0,0.0,0.16484008911335946,0.4326963230715425
2020-01-18 01:00:00,18.763806602832187,20.9484308308422,85.37980658520685,106.32823741604905,0.0,0.0,21.410744213937445,38.420912963343085
2020-01-18 02:00:00,0.0,52.561354332048616,35.09696789787633,87.65832222992495,0.0,0.0,5.16980595148805,15.79363555404435
2020-01-18 03:00:00,0.0,35.68068394174934,54.15845390558557,89.83913784733491,0.0,0.0,7.701601584942472,24.371304257513504
2020-01-18 04:00:00,0.0,48.71734283718119,74.3552988442115,123.0726416813927,0.0,0.0,8.141438137626936,33.45988447989518
2020-01-18 05:00:00,0.0,25.725419524013148,82.1186070618914,107.84402658590454,0.0,0.0,15.12009208550501,36.95337317785113
2020-01-18 06:00:00,0.0,78.01692254465334,20.20523989133892,98.22216243599226,0.0,0.0,2.3367053803568263,9.092357951102514
2020-01-18 07:00:00,0.0,54.28147651473388,74.18875878589786,128.47023530063174,0.0,0.0,13.550598733961275,33.38494145365404
2020-01-18 08:00:00,9.156966805281344,51.88947856326096,0.0,51.88947856326096,0.0,0.0,0.0,0.0
2020-01-18 09:00:00,17.606033944216897,79.89181324490986,19.875712438985886,99.76752568389574,0.0,0.0,5.105152971822974,8.944070597543648
2020-01-18 10:00:00,0.0,57.134039352931865,55.29889579006617,112.43293514299803,0.0,0.0,5.5538887801917936,24.884503105529777
2020-01-18 11:00:00,0.0,52.02934044265782,48.32839207654302,100.35773251920084,0.0,0.0,9.0841178500606,21.747776434444358
2020-01-18 12:00:00,0.0,64.71732589495252,43.97117757856648,108.688503473519,0.0,0.0,10.000509304043458,19.787029910354917
2020-01-18 13:00:00,0.0,27.544197462068727,95.15888273959064,122.70308020165936,0.0,0.0,13.752754154285455,42.82149723281579
2020-01-18 14:00:00,0.0,52.86292050395751,0.0,52.86292050395751,0.0,0.0,0.0,0.0
2020-01-18 15:00:00,9.054104720987223,46.499931235284215,4.806662183643375,51.30659341892759,0.0,0.0,1.1886946296484882,2.162997982639519
2020-01-18 16:00:00,0.0,32.66444761225944,37.653884923858215,70.31833253611765,0.0,0.0,7.182726734360015,16.9442482157362
2020-01-18 17:00:00,0.0,16.80457727310864,72.04878576433148,88.85336303744012,0.0,0.0,13.058948743676641,32.42195359394917
2020-01-18 18:00:00,10.881190173698633,16.76640613166156,44.89367151929736,61.66007765095892,0.0,0.0,11.521992468651941,20.20215218368381
2020-01-18 19:00:00,0.0,58.12250388285155,0.0,58.12250388285155,0.0,0.0,0.0,0.0
2020-01-18 20:00:00,20.305334948017588,33.35224245238638,81.71132225304663,115.06356470543301,0.0,0.0,20.3440986003722,36.770095013870986
2020-01-18 21:00:00,0.0,54.47555933736897,55.84646839669153,110.3220277340605,0.0,0.0,9.595296217187919,25.130910778511186
2020-01-18 22:00:00,13.781102685217332,11.266562755536317,66.82635246069523,78.09291521623155,0.0,0.0,17.814995489361394,30.071858607312855
2020-01-18 23:00:00,0.0,27.7923569166667,79.11867713562292,106.91103405228962,0.0,0.0,8.731604799693446,35.603404711030315
2020-01-19 00:00:00,8.658875536327393,24.179390824187863,24.88757054833404,49.0669613725219,0.0,0.0,7.009053959349334,11.199406746750318
2020-01-19 01:00:00,0.0,59.00158074787641,57.81643751924933,116.81801826712574,0.0,0.0,13.038864882026258,26.017396883662197
2020-01-19 02:00:00,0.0,57.990926953612686,23.512158624614216,81.5030855782269,0.0,0.0,4.895371768694011,10.580471381076398
2020-01-19 03:00:00,0.0,33.55364274357793,61.346678708816874,94.9003214523948,0.0,0.0,8.204078660098848,27.606005418967595
2020-01-19 04:00:00,0.0,75.31218244422124,13.497494765143031,88.80967720936427,0.0,0.0,2.5693835192450245,6.073872644314364
2020-01-19 05:00:00,0.0,29.657873992170764,63.26861324332664,92.9264872354974,0.0,0.0,7.146020614677498,28.47087595949699
2020-01-19 06:00:00,0.0,33.89834819936429,67.5676776995115,101.4660258988758,0.0,0.0,8.314287808539161,30.40545496478018
2020-01-19 07:00:00,0.0,40.575350858150834,66.7805569316782,107.35590778982905,0.0,0.0,8.92255344202031,30.051250619255192
2020-01-19 08:00:00,16.322079121806016,23.406291560173667,69.08549013006042,92.49178169023409,0.0,0.0,20.26859629536107,31.08847055852719
2020-01-19 09:00:00,8.167765443006811,46.2840041770386,0.0,46.2840041770386,0.0,0.0,0.0,0.0
2020-01-19 10:00:00,0.0,66.96211646419843,0.0,66.96211646419843,0.0,0.0,0.0,0.0
2020-01-19 11:00:00,17.317056826180092,45.55759629733755,52.57239238434965,98.1299886816872,0.0,0.0,13.610034003703392,23.657576572957343
2020-01-19 12:00:00,22.147330795392925,73.97255569683344,51.52898547705982,125.50154117389326,0.0,0.0,12.716093584457598,23.18804346467692
2020-01-19 13:00:00,0.0,37.53839856344895,41.04012863551124,78.57852719896019,0.0,0.0,9.853918320916506,18.46805788598006
2020-01-19 14:00:00,0.0,57.17071643308903,37.709478458262836,94.88019489135186,0.0,0.0,3.940133849165112,16.969265306218276
2020-01-19 15:00:00,19.58066462327905,30.438438638353137,80.51866089356147,110.95709953191461,0.0,0.0,19.97813181147792,36.23339740210267
2020-01-19 16:00:00,0.0,46.32156226836852,72.95989025671756,119.28145252508608,0.0,0.0,10.167157833997164,32.8319506155229
2020-01-19 17:00:00,0.0,28.20839418521979,72.73342067778626,100.94181486300604,0.0,0.0,12.9080340949905,32.730039305003814
2020-01-19 18:00:00,0.0,20.09371854493101,90.22914617911616,110.32286472404716,0.0,0.0,21.990653461700706,40.60311578060227
2020-01-19 19:00:00,20.94922428893799,52.50894223858641,66.20332873206223,118.71227097064863,0.0,0.0,17.421169556390808,29.791497929428004
2020-01-19 20:00:00,16.684129587285252,35.04547620885869,59.49792478575773,94.54340099461642,0.0,0.0,17.70212253848966,26.77406615359098
2020-01-19 21:00:00,0.0,23.234698237172807,117.31103076252558,140.54572899969838,0.0,0.0,21.29098302165252,52.78996384313651
2020-01-19 22:00:00,0.0,51.96005409644436,62.08068801109152,114.04074210753588,0.0,0.0,10.882848286237671,27.936309604991184
2020-01-19 23:00:00,10.882655673083175,15.9069356204066,45.76144652706472,61.66838214747132,0.0,0.0,11.506103877007215,20.592650937179126
2020-01-20 00:00:00,0.0,25.240785212237576,86.42591386877132,111.66669908100889,0.0,0.0,9.624415632089843,38.891661240947094
2020-01-20 01:00:00,0.0,34.99862003360658,58.0932562523323,93.09187628593888,0.0,0.0,13.710434252263614,26.141965313549537
2020-01-20 02:00:00,0.0,60.60328422104781,38.76510071297832,99.36838493402612,0.0,0.0,5.186478170739228,17.444295320840244
2020-01-20 03:00:00,0.0,39.82437670380393,18.918467681743344,58.74284438554727,0.0,0.0,2.2039717804155132,8.513310456784506
2020-01-20 04:00:00,12.059865456628856,68.33923758756352,0.0,68.33923758756352,0.0,0.0,0.0,0.0
2020-01-20 05:00:00,0.0,41.70008095981582,72.43369924417345,114.13378020398928,0.0,0.0,8.99353598379572,32.59516465987806
2020-01-20 06:00:00,0.0,34.347505931742305,36.327051663762504,70.67455759550481,0.0,0.0,4.8971260509161185,16.347173248693128
2020-01-20 07:00:00,12.37065994900132,25.779794842413075,44.32061153526107,70.10040637767415,0.0,0.0,11.24695584433829,19.944275190867483
2020-01-20 08:00:00,0.0,56.83545191464194,2.9254958646138363,59.76094777925578,0.0,0.0,0.602064338751921,1.3164731390762263
2020-01-20 09:00:00,0.0,20.34969725677609,126.629330880736,146.9790281375121,0.0,0.0,15.792830242659651,56.9831988963312
2020-01-20 10:00:00,0.0,13.942342775573993,91.15396338385575,105.09630615942974,0.0,0.0,10.753221822329705,41.01928352273509
2020-01-20 11:00:00,0.0,31.44026423381033,115.12035904735947,146.5606232811698,0.0,0.0,27.128563152407697,51.80416157131177
2020-01-20 12:00:00,0.0,72.79877627690227,14.278590925315868,87.07736720221814,0.0,0.0,1.5076658480774363,6.425365916392141
2020-01-20 13:00:00,0.0,69.04866210360942,29.862423980083207,98.91108608369262,0.0,0.0,3.9783180270943475,13.438090791037444
2020-01-20 14:00:00,0.0,13.611506592590557,63.02018716327518,76.63169375586574,0.0,0.0,15.268353779582245,28.359084223473833
2020-01-20 15:00:00,0.0,35.60905936712293,61.20429123750355,96.81335060462648,0.0,0.0,9.598654325594476,27.541931056876596
2020-01-20 16:00:00,0.0,29.686443026221493,53.047079409167026,82.73352243538852,0.0,0.0,5.873544946543013,23.871185734125163
2020-01-20 17:00:00,0.0,22.082283097969786,28.845084237163192,50.92736733513298,0.0,0.0,3.8037049142759374,12.980287906723436
2020-01-20 18:00:00,0.0,65.77785259271536,51.277353750922515,117.05520634363788,0.0,0.0,7.422410645144364,23.074809187915132
2020-01-20 19:00:00,0.0,38.23930749693552,70.15147711364119,108.3907846105767,0.0,0.0,10.036307259646364,31.56816470113854
2020-01-20 20:00:00,0.0,73.72818577055124,8.978487404549583,82.70667317510082,0.0,0.0,1.319959784568904,4.0403193320473125
2020-01-20 21:00:00,0.0,58.04334694646288,49.815870655849956,107.85921760231284,0.0,0.0,7.5880440762823875,22.41714179513248
2020-01-20 22:00:00,0.0,63.01923923728441,0.0,63.01923923728441,0.0,0.0,0.0,0.0
2020-01-20 23:00:00,0.0,33.94526679190152,81.89137230697607,115.83663909887758,0.0,0.0,17.874358595757215,36.85111753813923
2020-01-21 00:00:00,0.0,19.73937773736671,99.32022311654889,119.0596008539156,0.0,0.0,11.750996682015158,44.694100402447
2020-01-21 01:00:00,0.0,58.23386778370572,0.0,58.23386778370572,0.0,0.0,0.0,0.0
2020-01-21 02:00:00,0.0,70.1231165672938,28.409087587581098,98.5322041548749,0.0,0.0,3.2283079284185847,12.784089414411495
2020-01-21 03:00:00,0.0,65.52845142223214,47.75192959766302,113.28038101989516,0.0,0.0,9.078315536152132,21.48836831894836
2020-01-21 04:00:00,13.548316144890947,30.982901055645307,45.790890432070064,76.77379148771537,0.0,0.0,13.568225998653476,20.60590069443153
2020-01-21 05:00:00,0.0,41.57262093534021,83.11777902787823,124.69039996321844,0.0,0.0,20.229884945398215,37.4030005625452
2020-01-21 06:00:00,0.0,39.08165566856909,72.31329068663638,111.39494635520546,0.0,0.0,15.241414561934926,32.54098080898637
2020-01-21 07:00:00,0.0,49.96222820867749,69.89843912972444,119.86066733840192,0.0,0.0,11.750226395812595,31.454297608376
2020-01-21 08:00:00,0.0,55.65038207623337,69.47942056564987,125.12980264188324,0.0,0.0,9.638978594564772,31.265739254542446
2020-01-21 09:00:00,0.0,38.745246677661456,110.31840380568342,149.06365048334487,0.0,0.0,23.533120825506465,49.64328171255754
2020-01-21 10:00:00,0.0,34.35602719126986,72.19833561814346,106.55436280941332,0.0,0.0,10.032749646853134,32.48925102816456
2020-01-21 11:00:00,0.0,28.54877701097531,35.994631292617186,64.5434083035925,0.0,0.0,7.453678520279041,16.197584081677736
2020-01-21 12:00:00,0.0,15.34824401236522,115.09305076377122,130.44129477613643,0.0,0.0,21.603444979835093,51.79187284369705
2020-01-21 13:00:00,20.926061042761244,25.664687738718875,92.91632483692817,118.58101257564704,1.4210854715202004e-14,0.0,23.515414296180268,41.81234617661768
2020-01-21 14:00:00,15.25931667329292,13.53422255484506,72.93523859381483,86.46946114865989,0.0,0.0,20.595177840065457,32.820857367216675
2020-01-21 15:00:00,0.0,34.566551459285755,66.44627046415758,101.01282192344334,0.0,0.0,14.425711739335739,29.90082170887091
2020-01-21 16:00:00,0.0,27.441423001997983,54.80333248721106,82.24475548920904,0.0,0.0,6.499604263954454,24.661499619244978
2020-01-21 17:00:00,15.306956908774568,79.37674705580055,7.36267542725534,86.73942248305589,0.0,0.0,2.0117363385056226,3.313203942264903
2020-01-21 18:00:00,0.0,12.42940085440676,60.244258063431836,72.6736589178386,0.0,0.0,12.90442717481246,27.109916128544327
2020-01-21 19:00:00,0.0,52.24209711610831,78.48709758673812,130.72919470284643,0.0,0.0,12.9700483929097,35.319193914032155
