time,from,to,flow
0,N1,N2,0.09733092633372174
0,N2,N3,0.09512600769655352
0,N1,N3,0.09733092633372174
1,N1,N2,0.07484096861430697
1,N2,N3,0.07219506633155168
1,N1,N3,0.07484096861430697
2,N1,N2,0.07595824010990972
2,N2,N3,0.07360632685600699
2,N1,N3,0.07595824010990972
3,N1,N2,0.07692046282810466
3,N2,N3,0.07589150081788781
3,N1,N3,0.07692046282810466
4,N1,N2,0.03827062546290744
4,N2,N3,0.03744745583427231
4,N1,N3,0.03827062546290744
5,N1,N2,0.05591739234433366
5,N2,N3,0.05485903134938496
5,N1,N3,0.05591739234433366
6,N1,N2,0.04300933492123234
6,N2,N3,0.04168638377985469
6,N1,N3,0.04300933492123234
7,N1,N2,0.06978989066975369
7,N2,N3,0.06867273186903447
7,N1,N3,0.06978989066975369
8,N1,N2,0.04897140277117773
8,N2,N3,0.0480012385769622
8,N1,N3,0.04897140277117773
9,N1,N2,-0.054109149603324025
9,N2,N3,-0.05863658240735495
9,N1,N3,-0.054109149603324025
10,N1,N2,0.1199083027176899
10,N2,N3,0.11829136234284324
10,N1,N3,0.1199083027176899
11,N1,N2,0.07528338030398737
11,N2,N3,0.07425441829377052
11,N1,N3,0.07528338030398737
12,N1,N2,0.03308921921616168
12,N2,N3,0.032589437662495876
12,N1,N3,0.03308921921616168
13,N1,N2,0.04052466588427288
13,N2,N3,0.039995485386798535
13,N1,N3,0.04052466588427288
14,N1,N2,0.03505046544035058
14,N2,N3,0.03455068388668478
14,N1,N3,0.03505046544035058
15,N1,N2,0.030249491318862783
15,N2,N3,0.029720310821388433
15,N1,N3,0.030249491318862783
16,N1,N2,0.028467786437488915
16,N2,N3,0.028056201602709704
16,N1,N3,0.028467786437488915
17,N1,N2,0.02643054910164313
17,N2,N3,0.025960166471324223
17,N1,N3,0.02643054910164313
18,N1,N2,0.03705793561334648
18,N2,N3,0.03655815405968067
18,N1,N3,0.03705793561334648
19,N1,N2,0.024870348482985388
19,N2,N3,0.024488162602245546
19,N1,N3,0.024870348482985388
20,N1,N2,0.031863592211394884
20,N2,N3,0.031363810657729085
20,N1,N3,0.031863592211394884
21,N1,N2,0.02251315111787399
21,N2,N3,0.022130965237134148
21,N1,N3,0.02251315111787399
22,N1,N2,0.0432963519856856
22,N2,N3,0.04273777258532599
22,N1,N3,0.0432963519856856
23,N1,N2,0.023434989663110764
23,N2,N3,0.020700890323851723
23,N1,N3,0.023434989663110764
24,N1,N2,0.09474563431102238
24,N2,N3,0.09271710917301228
24,N1,N3,0.09474563431102238
25,N1,N2,0.09745049094298652
25,N2,N3,0.09556896031940268
25,N1,N3,0.09745049094298652
26,N1,N2,0.027045364541141793
26,N2,N3,0.02666317866040195
26,N1,N3,0.027045364541141793
27,N1,N2,0.03455187069932098
27,N2,N3,0.034052089145655176
27,N1,N3,0.03455187069932098
28,N1,N2,0.03478287796691148
28,N2,N3,0.03428309641324567
28,N1,N3,0.03478287796691148
29,N1,N2,0.03487124079723218
29,N2,N3,0.03437145924356638
29,N1,N3,0.03487124079723218
30,N1,N2,0.033057260624229694
30,N2,N3,0.03267507474348985
30,N1,N3,0.033057260624229694
31,N1,N2,0.028970629867110624
31,N2,N3,0.028500247236791718
31,N1,N3,0.028970629867110624
32,N1,N2,0.030264320334165984
32,N2,N3,0.029764538780500182
32,N1,N3,0.030264320334165984
33,N1,N2,0.02201689786932469
33,N2,N3,0.021634711988584847
33,N1,N3,0.02201689786932469
34,N1,N2,0.039984663311716
34,N2,N3,0.039426083911356394
34,N1,N3,0.039984663311716
35,N1,N2,0.06755603296076029
35,N2,N3,0.06667406546496972
35,N1,N3,0.06755603296076029
36,N1,N2,0.03978884233109352
36,N2,N3,0.0391714651249634
36,N1,N3,0.03978884233109352
37,N1,N2,0.030348470560342882
37,N2,N3,0.02981929006286853
37,N1,N3,0.030348470560342882
38,N1,N2,0.025357957917663453
38,N2,N3,0.024916974169768166
38,N1,N3,0.025357957917663453
39,N1,N2,0.033830435705531625
39,N2,N3,0.03336005307521272
39,N1,N3,0.033830435705531625
40,N1,N2,0.03853852596466559
40,N2,N3,0.03800934546719123
40,N1,N3,0.03853852596466559
41,N1,N2,0.03333646551689823
41,N2,N3,0.03286608288657932
41,N1,N3,0.03333646551689823
42,N1,N2,0.026043179964048847
42,N2,N3,0.02560219621615356
42,N1,N3,0.026043179964048847
43,N1,N2,0.03390077685765398
43,N2,N3,0.033400995303988185
43,N1,N3,0.03390077685765398
44,N1,N2,0.04314157605465449
44,N2,N3,0.042494799925177476
44,N1,N3,0.04314157605465449
45,N1,N2,0.031844669374226725
45,N2,N3,0.03137428674390782
45,N1,N3,0.031844669374226725
46,N1,N2,0.037023635068701884
46,N2,N3,0.03652385351503608
46,N1,N3,0.037023635068701884
47,N1,N2,0.039834038630361016
47,N2,N3,0.03924606032711615
47,N1,N3,0.039834038630361016
48,N1,N2,0.03831680341291997
48,N2,N3,0.03764062834986523
48,N1,N3,0.03831680341291997
49,N1,N2,0.031149912949725328
49,N2,N3,0.03067953031940642
49,N1,N3,0.031149912949725328
50,N1,N2,0.04021061247803891
50,N2,N3,0.039622634174794044
50,N1,N3,0.04021061247803891
51,N1,N2,0.03623504619141671
51,N2,N3,0.03435351556783287
51,N1,N3,0.03623504619141671
52,N1,N2,0.05447072269644365
52,N2,N3,0.05191301706095919
52,N1,N3,0.05447072269644365
53,N1,N2,0.06608127161818206
53,N2,N3,0.06502291062323337
53,N1,N3,0.06608127161818206
54,N1,N2,0.04480714456218922
54,N2,N3,0.04407217168313314
54,N1,N3,0.04480714456218922
55,N1,N2,0.052315944929051394
55,N2,N3,0.05143397743326082
55,N1,N3,0.052315944929051394
56,N1,N2,-0.00047176665615783486
56,N2,N3,-0.004705210635952639
56,N1,N3,-0.00047176665615783486
57,N1,N2,0.0796486533908777
57,N2,N3,0.07803171301603104
57,N1,N3,0.0796486533908777
58,N1,N2,0.08225376829036984
58,N2,N3,0.08081322141468131
58,N1,N3,0.08225376829036984
59,N1,N2,0.08822765122175485
59,N2,N3,0.0870516945948035
59,N1,N3,0.08822765122175485
60,N1,N2,0.03754054228602818
60,N2,N3,0.0367761705245485
60,N1,N3,0.03754054228602818
61,N1,N2,0.04761169215871788
61,N2,N3,0.0468473203972382
61,N1,N3,0.04761169215871788
62,N1,N2,0.037510151551344
62,N2,N3,0.036951572150984394
62,N1,N3,0.037510151551344
63,N1,N2,0.029342672014754913
63,N2,N3,0.028931087179975702
63,N1,N3,0.029342672014754913
64,N1,N2,0.03410921175149732
64,N2,N3,0.03363882912117842
64,N1,N3,0.03410921175149732
65,N1,N2,0.03664220225049608
65,N2,N3,0.03614242069683028
65,N1,N3,0.03664220225049608
66,N1,N2,0.031063113473660378
66,N2,N3,0.030563331919994576
66,N1,N3,0.031063113473660378
67,N1,N2,0.023329677161759592
67,N2,N3,0.02294749128101975
67,N1,N3,0.023329677161759592
68,N1,N2,0.056523870941894386
68,N2,N3,0.0557594991804147
68,N1,N3,0.056523870941894386
69,N1,N2,0.03932203366182323
69,N2,N3,0.03870465645569311
69,N1,N3,0.03932203366182323
70,N1,N2,0.0296566030438171
70,N2,N3,0.029098023643457493
70,N1,N3,0.0296566030438171
71,N1,N2,0.027230482377320078
71,N2,N3,0.026730700823654276
71,N1,N3,0.027230482377320078
72,N1,N2,0.026611837899555325
72,N2,N3,0.02614145526923642
72,N1,N3,0.026611837899555325
73,N1,N2,0.03105469073064055
73,N2,N3,0.030613706982745265
73,N1,N3,0.03105469073064055
74,N1,N2,0.033462413364355084
74,N2,N3,0.032962631810689286
74,N1,N3,0.033462413364355084
75,N1,N2,0.03826558379614958
75,N2,N3,0.037736403298675225
75,N1,N3,0.03826558379614958
76,N1,N2,0.02707015009543865
76,N2,N3,0.026629166347543365
76,N1,N3,0.02707015009543865
77,N1,N2,0.02959511716804615
77,N2,N3,0.029154133420150864
77,N1,N3,0.02959511716804615
78,N1,N2,0.03582270045183218
78,N2,N3,0.03532291889816638
78,N1,N3,0.03582270045183218
79,N1,N2,0.03860970997031413
79,N2,N3,0.03799233276418401
79,N1,N3,0.03860970997031413
80,N1,N2,0.025849653347608526
80,N2,N3,0.024115117340759197
80,N1,N3,0.025849653347608526
81,N1,N2,0.07643863585267037
81,N2,N3,0.07514508359371633
81,N1,N3,0.07643863585267037
82,N1,N2,0.08386372970303033
82,N2,N3,0.08251137957692084
82,N1,N3,0.08386372970303033
83,N1,N2,0.07271022290635265
83,N2,N3,0.07153426627940129
83,N1,N3,0.07271022290635265
84,N1,N2,0.038011639945833044
84,N2,N3,0.03730606594920058
84,N1,N3,0.038011639945833044
85,N1,N2,0.03721293096120458
85,N2,N3,0.036683750463730236
85,N1,N3,0.03721293096120458
86,N1,N2,0.03047359809282848
86,N2,N3,0.029973816539162677
86,N1,N3,0.03047359809282848
87,N1,N2,0.027034569898466816
87,N2,N3,0.026622985063687606
87,N1,N3,0.027034569898466816
88,N1,N2,0.035115130492026685
88,N2,N3,0.03461534893836088
88,N1,N3,0.035115130492026685
89,N1,N2,0.03494798589420888
89,N2,N3,0.034448204340543076
89,N1,N3,0.03494798589420888
90,N1,N2,0.03177979578084745
90,N2,N3,0.03133881203295216
90,N1,N3,0.03177979578084745
91,N1,N2,0.02658810020871341
91,N2,N3,0.0261765153739342
91,N1,N3,0.02658810020871341
92,N1,N2,0.04333951142477464
92,N2,N3,0.04263393742814217
92,N1,N3,0.04333951142477464
93,N1,N2,0.04414905840720565
93,N2,N3,0.04270851153151711
93,N1,N3,0.04414905840720565
94,N1,N2,0.04183494119962884
94,N2,N3,0.04098237262718517
94,N1,N3,0.04183494119962884
95,N1,N2,0.10013727358522313
95,N2,N3,0.0977853603313204
95,N1,N3,0.10013727358522313
96,N1,N2,0.034042013161015086
96,N2,N3,0.03339523703153807
96,N1,N3,0.034042013161015086
97,N1,N2,0.03445858765255973
97,N2,N3,0.03384121044642961
97,N1,N3,0.03445858765255973
98,N1,N2,0.032677246956337724
98,N2,N3,0.03220686432601882
98,N1,N3,0.032677246956337724
99,N1,N2,0.02834333830848148
99,N2,N3,0.027843556754815677
99,N1,N3,0.02834333830848148
100,N1,N2,0.04910713779515943
100,N2,N3,0.04831336711033285
100,N1,N3,0.04910713779515943
101,N1,N2,0.07132454643884927
101,N2,N3,0.07041318006063507
101,N1,N3,0.07132454643884927
102,N1,N2,0.05292719541205264
102,N2,N3,0.052074626839608965
102,N1,N3,0.05292719541205264
103,N1,N2,0.05559265840926324
103,N2,N3,0.05476948878062811
103,N1,N3,0.05559265840926324
104,N1,N2,0.05550883324996149
104,N2,N3,0.054391674449242276
104,N1,N3,0.05550883324996149
105,N1,N2,0.07402795465515617
105,N2,N3,0.07273440239620213
105,N1,N3,0.07402795465515617
106,N1,N2,0.06617822098493445
106,N2,N3,0.06500226435798309
106,N1,N3,0.06617822098493445
107,N1,N2,0.06222092013797951
107,N2,N3,0.06122135701018626
107,N1,N3,0.06222092013797951
108,N1,N2,0.043378363829991815
108,N2,N3,0.04279038552674695
108,N1,N3,0.043378363829991815
109,N1,N2,0.022897501757325328
109,N2,N3,0.02242711912700642
109,N1,N3,0.022897501757325328
110,N1,N2,0.034888839903051784
110,N2,N3,0.03438905834938598
110,N1,N3,0.034888839903051784
111,N1,N2,0.03392800753182988
111,N2,N3,0.03342822597816408
111,N1,N3,0.03392800753182988
112,N1,N2,0.02986419883062688
112,N2,N3,0.02936441727696108
112,N1,N3,0.02986419883062688
113,N1,N2,0.02570257984600468
113,N2,N3,0.025202798292338877
113,N1,N3,0.02570257984600468
114,N1,N2,0.02532630261085489
114,N2,N3,0.024944116730115047
114,N1,N3,0.02532630261085489
115,N1,N2,0.03018005319175498
115,N2,N3,0.029680271638089176
115,N1,N3,0.03018005319175498
116,N1,N2,0.03988622634600421
116,N2,N3,0.039298248042759346
116,N1,N3,0.03988622634600421
117,N1,N2,0.02320475735160662
117,N2,N3,0.022851970353290382
117,N1,N3,0.02320475735160662
118,N1,N2,0.042979171246347286
118,N2,N3,0.04244999074887293
118,N1,N3,0.042979171246347286
119,N1,N2,0.02602138121540351
119,N2,N3,0.0256097963806243
119,N1,N3,0.02602138121540351
120,N1,N2,0.01960010328278152
120,N2,N3,0.019247316284465285
120,N1,N3,0.01960010328278152
121,N1,N2,0.03562139548808148
121,N2,N3,0.035092214990607135
121,N1,N3,0.03562139548808148
122,N1,N2,0.025878679966233588
122,N2,N3,0.025496494085493746
122,N1,N3,0.025878679966233588
123,N1,N2,0.037088342668227726
123,N2,N3,0.03661796003790882
123,N1,N3,0.037088342668227726
124,N1,N2,0.036846221840091384
124,N2,N3,0.036346440286425585
124,N1,N3,0.036846221840091384
125,N1,N2,0.03450999107675728
125,N2,N3,0.03401020952309147
125,N1,N3,0.03450999107675728
126,N1,N2,0.05635055472634544
126,N2,N3,0.05564498072971297
126,N1,N3,0.05635055472634544
127,N1,N2,0.07060983226778994
127,N2,N3,0.06902229087767511
127,N1,N3,0.07060983226778994
128,N1,N2,0.009587341838963953
128,N2,N3,0.006412259058734299
128,N1,N3,0.009587341838963953
129,N1,N2,0.07641487431629013
129,N2,N3,0.07506252419018064
129,N1,N3,0.07641487431629013
130,N1,N2,0.08270322346648246
130,N2,N3,0.08102748532678858
130,N1,N3,0.08270322346648246
131,N1,N2,0.06586958612275329
131,N2,N3,0.06460543279737699
131,N1,N3,0.06586958612275329
132,N1,N2,0.05485908703088989
132,N2,N3,0.054094715269410204
132,N1,N3,0.05485908703088989
133,N1,N2,0.035408272357141495
133,N2,N3,0.03484969295678189
133,N1,N3,0.035408272357141495
134,N1,N2,0.02558168229548638
134,N2,N3,0.025081900741820578
134,N1,N3,0.02558168229548638
135,N1,N2,0.026169875637110228
135,N2,N3,0.02569949300679132
135,N1,N3,0.026169875637110228
136,N1,N2,0.03026310924809985
136,N2,N3,0.029822125500204563
136,N1,N3,0.03026310924809985
137,N1,N2,0.03902924527752338
137,N2,N3,0.038500064780049026
137,N1,N3,0.03902924527752338
138,N1,N2,0.04502202650239358
138,N2,N3,0.044492846004919234
138,N1,N3,0.04502202650239358
139,N1,N2,0.03594197118531059
139,N2,N3,0.03555978530457075
139,N1,N3,0.03594197118531059
140,N1,N2,0.036837604838383387
140,N2,N3,0.03630842434090903
140,N1,N3,0.036837604838383387
141,N1,N2,0.10411923302136127
141,N2,N3,0.1020319100161957
141,N1,N3,0.10411923302136127
142,N1,N2,0.03617482619392466
142,N2,N3,0.03355832258897652
142,N1,N3,0.03617482619392466
143,N1,N2,-0.08454355861474577
143,N2,N3,-0.09001175729326386
143,N1,N3,-0.08454355861474577
144,N1,N2,0.0660600171685671
144,N2,N3,0.06491345946496264
144,N1,N3,0.0660600171685671
145,N1,N2,0.04881855818932723
145,N2,N3,0.04802478750450065
145,N1,N3,0.04881855818932723
146,N1,N2,-0.03635252760886279
146,N2,N3,-0.042114715111616935
146,N1,N3,-0.03635252760886279
147,N1,N2,-0.0020963800611578376
147,N2,N3,-0.006917802098657749
147,N1,N3,-0.0020963800611578376
148,N1,N2,0.10620255325662736
148,N2,N3,0.10196910927683256
148,N1,N3,0.10620255325662736
149,N1,N2,0.08235907571836393
149,N2,N3,0.077243664447395
149,N1,N3,0.08235907571836393
150,N1,N2,0.06749869978366908
150,N2,N3,0.0644412126354421
150,N1,N3,0.06749869978366908
151,N1,N2,0.0679875353980404
151,N2,N3,0.062284145455517
151,N1,N3,0.0679875353980404
152,N1,N2,0.17643878710004823
152,N2,N3,0.17285211955665514
152,N1,N3,0.17643878710004823
153,N1,N2,0.05411746379731519
153,N2,N3,0.048472872028871905
153,N1,N3,0.05411746379731519
154,N1,N2,0.12476929974222435
154,N2,N3,0.1215942169619947
154,N1,N3,0.12476929974222435
155,N1,N2,0.13395119281927362
155,N2,N3,0.13233425244442695
155,N1,N3,0.13395119281927362
156,N1,N2,0.04126259561467753
156,N2,N3,0.040645218408547415
156,N1,N3,0.04126259561467753
157,N1,N2,0.03535754702692743
157,N2,N3,0.03488716439660852
157,N1,N3,0.03535754702692743
158,N1,N2,0.03567949183330742
158,N2,N3,0.035091513530062554
158,N1,N3,0.03567949183330742
159,N1,N2,0.028565087957346382
159,N2,N3,0.02803590745987203
159,N1,N3,0.028565087957346382
160,N1,N2,0.03465247597296653
160,N2,N3,0.034035098766836414
160,N1,N3,0.03465247597296653
161,N1,N2,0.032661989561109495
161,N2,N3,0.032103410160749885
161,N1,N3,0.032661989561109495
162,N1,N2,0.0482425128332765
162,N2,N3,0.047683933432916895
162,N1,N3,0.0482425128332765
163,N1,N2,0.032136974702618795
163,N2,N3,0.031578395302259185
163,N1,N3,0.032136974702618795
164,N1,N2,0.03686272335794548
164,N2,N3,0.03636294180427968
164,N1,N3,0.03686272335794548
165,N1,N2,0.03502775793639283
165,N2,N3,0.034410380730262716
165,N1,N3,0.03502775793639283
166,N1,N2,0.04716931354761202
166,N2,N3,0.045669968804768035
166,N1,N3,0.04716931354761202
167,N1,N2,0.0707205433442461
167,N2,N3,0.06886841170539412
167,N1,N3,0.0707205433442461
168,N1,N2,0.10165172833670252
168,N2,N3,0.1000641869465877
168,N1,N3,0.10165172833670252
169,N1,N2,0.058446797403634065
169,N2,N3,0.05615368201688678
169,N1,N3,0.058446797403634065
170,N1,N2,0.06151391509063074
170,N2,N3,0.06030855958125576
170,N1,N3,0.06151391509063074
171,N1,N2,0.09544584175573326
171,N2,N3,0.09388769924804202
171,N1,N3,0.09544584175573326
172,N1,N2,0.07097317511963183
172,N2,N3,0.06947383037678784
172,N1,N3,0.07097317511963183
173,N1,N2,0.07403743874292287
173,N2,N3,0.07265568983669801
173,N1,N3,0.07403743874292287
174,N1,N2,0.08220156361186326
174,N2,N3,0.08040822984016671
174,N1,N3,0.08220156361186326
175,N1,N2,0.04849806883351432
175,N2,N3,0.04702812307540217
175,N1,N3,0.04849806883351432
176,N1,N2,-0.023528163745559577
176,N2,N3,-0.02729122499272725
176,N1,N3,-0.023528163745559577
177,N1,N2,0.10662887915903306
177,N2,N3,0.10418876915555127
177,N1,N3,0.10662887915903306
178,N1,N2,0.07005427904634193
178,N2,N3,0.06896651916896962
178,N1,N3,0.07005427904634193
179,N1,N2,0.04330417333208348
179,N2,N3,0.04227521132186662
179,N1,N3,0.04330417333208348
180,N1,N2,0.06447666969273994
180,N2,N3,0.0636535000641048
180,N1,N3,0.06447666969273994
181,N1,N2,0.03980982571436181
181,N2,N3,0.03922184741111695
181,N1,N3,0.03980982571436181
182,N1,N2,0.021712414614819223
182,N2,N3,0.021359627616502987
182,N1,N3,0.021712414614819223
183,N1,N2,0.03368024241327515
183,N2,N3,0.03323925866537986
183,N1,N3,0.03368024241327515
184,N1,N2,0.032810498500228526
184,N2,N3,0.03234011586990962
184,N1,N3,0.032810498500228526
185,N1,N2,0.03316263520176601
185,N2,N3,0.0327510503669868
185,N1,N3,0.03316263520176601
186,N1,N2,0.013860727790663597
186,N2,N3,0.0136549353783894
186,N1,N3,0.013860727790663597
187,N1,N2,0.02205828112189731
187,N2,N3,0.0216466962871181
187,N1,N3,0.02205828112189731
188,N1,N2,0.02608311924775998
188,N2,N3,0.02558333769409418
188,N1,N3,0.02608311924775998
189,N1,N2,0.03362597061588951
189,N2,N3,0.0332143857811103
189,N1,N3,0.03362597061588951
190,N1,N2,0.09291503870243842
190,N2,N3,0.09176848099883395
190,N1,N3,0.09291503870243842
191,N1,N2,0.08348128790124235
191,N2,N3,0.08189374651112752
191,N1,N3,0.08348128790124235
192,N1,N2,0.07996291720923807
192,N2,N3,0.07866936495028404
192,N1,N3,0.07996291720923807
193,N1,N2,0.07435983601260057
193,N2,N3,0.07294868812164387
193,N1,N3,0.07435983601260057
194,N1,N2,0.07402935472086894
194,N2,N3,0.07267700459475945
194,N1,N3,0.07402935472086894
195,N1,N2,0.06848413913162854
195,N2,N3,0.06727878362225356
195,N1,N3,0.06848413913162854
196,N1,N2,0.09704441082951779
196,N2,N3,0.09513348122120212
196,N1,N3,0.09704441082951779
197,N1,N2,0.06530609324404776
197,N2,N3,0.06424773224909905
197,N1,N3,0.06530609324404776
198,N1,N2,0.07511316373486981
198,N2,N3,0.07396660603126534
198,N1,N3,0.07511316373486981
199,N1,N2,0.05944047310681168
199,N2,N3,0.05741194796880157
199,N1,N3,0.05944047310681168
200,N1,N2,0.035069466752559855
200,N2,N3,0.03139460235727948
200,N1,N3,0.035069466752559855
201,N1,N2,0.0979397605440769
201,N2,N3,0.09670500615227831
201,N1,N3,0.0979397605440769
202,N1,N2,0.08009269898511943
202,N2,N3,0.07888734347574446
202,N1,N3,0.08009269898511943
203,N1,N2,-0.04213267771180297
203,N2,N3,-0.045983935503933246
203,N1,N3,-0.04213267771180297
204,N1,N2,0.04427389757472505
204,N2,N3,0.04118701144176623
204,N1,N3,0.04427389757472505
205,N1,N2,0.06697077655479827
205,N2,N3,0.06594181454458142
205,N1,N3,0.06697077655479827
206,N1,N2,0.05560405198659543
206,N2,N3,0.054633887792379904
206,N1,N3,0.05560405198659543
207,N1,N2,0.03154433403285012
207,N2,N3,0.030956355729605253
207,N1,N3,0.03154433403285012
208,N1,N2,0.025126616739282646
208,N2,N3,0.02468563299138736
208,N1,N3,0.025126616739282646
209,N1,N2,0.03113444328190418
209,N2,N3,0.030634661728238376
209,N1,N3,0.03113444328190418
210,N1,N2,0.03285961234724365
210,N2,N3,0.03241862859934836
210,N1,N3,0.03285961234724365
211,N1,N2,0.024740847469613227
211,N2,N3,0.02427046483929432
211,N1,N3,0.024740847469613227
212,N1,N2,0.027107536348580312
212,N2,N3,0.0266959515138011
212,N1,N3,0.027107536348580312
213,N1,N2,0.026824819107189847
213,N2,N3,0.02638383535929456
213,N1,N3,0.026824819107189847
214,N1,N2,0.03666582805789821
214,N2,N3,0.03607784975465335
214,N1,N3,0.03666582805789821
215,N1,N2,0.05741674935966467
215,N2,N3,0.05635838836471597
215,N1,N3,0.05741674935966467
216,N1,N2,0.05205203022916051
216,N2,N3,0.05131705735010443
216,N1,N3,0.05205203022916051
217,N1,N2,0.06614827729475702
217,N2,N3,0.06403155530485961
217,N1,N3,0.06614827729475702
218,N1,N2,0.08473734431083563
218,N2,N3,0.08341439316945798
218,N1,N3,0.08473734431083563
219,N1,N2,0.054723285921110726
219,N2,N3,0.05157760181868824
219,N1,N3,0.054723285921110726
220,N1,N2,0.02319695367812097
220,N2,N3,0.018992908683058002
220,N1,N3,0.02319695367812097
221,N1,N2,0.07189680296420176
221,N2,N3,0.07083844196925307
221,N1,N3,0.07189680296420176
222,N1,N2,0.08518741573969163
222,N2,N3,0.08371746998157947
222,N1,N3,0.08518741573969163
223,N1,N2,0.05817040727544336
223,N2,N3,0.05711204628049466
223,N1,N3,0.05817040727544336
224,N1,N2,0.017499709023331506
224,N2,N3,0.013707248893740226
224,N1,N3,0.017499709023331506
225,N1,N2,0.05584846382169885
225,N2,N3,0.053614146199798776
225,N1,N3,0.05584846382169885
226,N1,N2,0.06653041551713268
226,N2,N3,0.0650016719941733
226,N1,N3,0.06653041551713268
227,N1,N2,0.10113771239457935
227,N2,N3,0.09993235688520437
227,N1,N3,0.10113771239457935
228,N1,N2,0.04037437310951625
228,N2,N3,0.039668799112883776
228,N1,N3,0.04037437310951625
229,N1,N2,0.020293558548359063
229,N2,N3,0.019970170473389733
229,N1,N3,0.020293558548359063
230,N1,N2,0.028631500185467
230,N2,N3,0.028072920785107393
230,N1,N3,0.028631500185467
231,N1,N2,0.022850189289708292
231,N2,N3,0.02246800340896845
231,N1,N3,0.022850189289708292
232,N1,N2,0.03229026203496953
232,N2,N3,0.03181987940465062
232,N1,N3,0.03229026203496953
233,N1,N2,0.03183544169069631
233,N2,N3,0.0314238568559171
233,N1,N3,0.03183544169069631
234,N1,N2,0.025769153528713153
234,N2,N3,0.025328169780817866
234,N1,N3,0.025769153528713153
235,N1,N2,0.026092159566098047
235,N2,N3,0.02565117581820276
235,N1,N3,0.026092159566098047
236,N1,N2,0.02358743984450788
236,N2,N3,0.023058259347033528
236,N1,N3,0.02358743984450788
237,N1,N2,0.03197202310952738
237,N2,N3,0.03147224155586158
237,N1,N3,0.03197202310952738
238,N1,N2,0.03568749429262618
238,N2,N3,0.03504071816314916
238,N1,N3,0.03568749429262618
239,N1,N2,0.03018031347590678
239,N2,N3,0.029680531922240978
239,N1,N3,0.03018031347590678
240,N1,N2,0.023456705197967415
240,N2,N3,0.023045120363188204
240,N1,N3,0.023456705197967415
241,N1,N2,0.028505452273902353
241,N2,N3,0.028064468526007066
241,N1,N3,0.028505452273902353
242,N1,N2,0.01991298474391201
242,N2,N3,0.0195013999091328
242,N1,N3,0.01991298474391201
243,N1,N2,0.022588285265067252
243,N2,N3,0.022147301517171966
243,N1,N3,0.022588285265067252
244,N1,N2,0.020314423968965833
244,N2,N3,0.02007923264357556
244,N1,N3,0.020314423968965833
245,N1,N2,0.02336252091723045
245,N2,N3,0.022921537169335163
245,N1,N3,0.02336252091723045
246,N1,N2,0.022571950211562913
246,N2,N3,0.022160365376783703
246,N1,N3,0.022571950211562913
247,N1,N2,0.056471879325761073
247,N2,N3,0.05579570426270633
247,N1,N3,0.056471879325761073
248,N1,N2,0.006253880464214434
248,N2,N3,0.004048961827046213
248,N1,N3,0.006253880464214434
249,N1,N2,0.03256890607132159
249,N2,N3,0.031304752745945276
249,N1,N3,0.03256890607132159
250,N1,N2,0.10383300380465116
250,N2,N3,0.10215726566495728
250,N1,N3,0.10383300380465116
251,N1,N2,0.10938231614322813
251,N2,N3,0.1077947747531133
251,N1,N3,0.10938231614322813
252,N1,N2,0.05333245534329348
252,N2,N3,0.052685679213816464
252,N1,N3,0.05333245534329348
253,N1,N2,0.01808257836699116
253,N2,N3,0.01775919029202183
253,N1,N3,0.01808257836699116
254,N1,N2,0.02971149039679133
254,N2,N3,0.029241107766472423
254,N1,N3,0.02971149039679133
255,N1,N2,0.03011152648459061
255,N2,N3,0.0296999416498114
255,N1,N3,0.03011152648459061
256,N1,N2,0.030785748178558947
256,N2,N3,0.03034476443066366
256,N1,N3,0.030785748178558947
257,N1,N2,0.029109751449506525
257,N2,N3,0.02863936881918762
257,N1,N3,0.029109751449506525
258,N1,N2,0.02644593792596031
258,N2,N3,0.0260343530911811
258,N1,N3,0.02644593792596031
259,N1,N2,0.021453115899259016
259,N2,N3,0.021041531064479806
259,N1,N3,0.021453115899259016
260,N1,N2,0.040898211092246985
260,N2,N3,0.040251434962769964
260,N1,N3,0.040898211092246985
261,N1,N2,0.046272555215769215
261,N2,N3,0.04553758233671314
261,N1,N3,0.046272555215769215
262,N1,N2,0.029912488726213153
262,N2,N3,0.029471504978317867
262,N1,N3,0.029912488726213153
263,N1,N2,0.035357471029162216
263,N2,N3,0.03476949272591735
263,N1,N3,0.035357471029162216
264,N1,N2,0.045384897777510286
264,N2,N3,0.04473812164803327
264,N1,N3,0.045384897777510286
265,N1,N2,0.03993229315808729
265,N2,N3,0.03940311266061293
265,N1,N3,0.03993229315808729
266,N1,N2,0.049302848426816606
266,N2,N3,0.04856787554776053
266,N1,N3,0.049302848426816606
267,N1,N2,0.03448500571426108
267,N2,N3,0.03398522416059528
267,N1,N3,0.03448500571426108
268,N1,N2,0.06799536883613616
268,N2,N3,0.06696640682591931
268,N1,N3,0.06799536883613616
269,N1,N2,0.06167918521711595
269,N2,N3,0.060738419956478135
269,N1,N3,0.06167918521711595
270,N1,N2,0.05676350015770132
270,N2,N3,0.05579333596348579
270,N1,N3,0.05676350015770132
271,N1,N2,0.09284626230103554
271,N2,N3,0.09149391217492606
271,N1,N3,0.09284626230103554
272,N1,N2,0.09895529052489394
272,N2,N3,0.09736774913477911
272,N1,N3,0.09895529052489394
273,N1,N2,0.06904604098133207
273,N2,N3,0.06640013869857678
273,N1,N3,0.06904604098133207
274,N1,N2,0.09760189342219598
274,N2,N3,0.09557336828418588
274,N1,N3,0.09760189342219598
275,N1,N2,-0.01018633512974057
275,N2,N3,-0.013626008056399158
275,N1,N3,-0.01018633512974057
276,N1,N2,0.05466179139657275
276,N2,N3,0.053721026135934935
276,N1,N3,0.05466179139657275
277,N1,N2,0.022509087418469215
277,N2,N3,0.022097502583690004
277,N1,N3,0.022509087418469215
278,N1,N2,0.03858545716585778
278,N2,N3,0.03808567561219198
278,N1,N3,0.03858545716585778
279,N1,N2,0.02804134336370951
279,N2,N3,0.0276297585289303
279,N1,N3,0.02804134336370951
280,N1,N2,0.028915917686232813
280,N2,N3,0.028504332851453602
280,N1,N3,0.028915917686232813
281,N1,N2,0.018539722074002396
281,N2,N3,0.01815753619326255
281,N1,N3,0.018539722074002396
282,N1,N2,0.030715380731262613
282,N2,N3,0.030303795896483403
282,N1,N3,0.030715380731262613
283,N1,N2,0.03498652490431768
283,N2,N3,0.03448674335065188
283,N1,N3,0.03498652490431768
284,N1,N2,0.025733776326194023
284,N2,N3,0.025263393695875117
284,N1,N3,0.025733776326194023
285,N1,N2,0.03225518616857308
285,N2,N3,0.031726005671098734
285,N1,N3,0.03225518616857308
286,N1,N2,0.026042003741239488
286,N2,N3,0.025659817860499645
286,N1,N3,0.026042003741239488
287,N1,N2,0.029137906405272952
287,N2,N3,0.028696922657377666
287,N1,N3,0.029137906405272952
288,N1,N2,0.009217465503456104
288,N2,N3,0.009070470927644889
288,N1,N3,0.009217465503456104
289,N1,N2,0.030363396480782026
289,N2,N3,0.02989301385046312
289,N1,N3,0.030363396480782026
290,N1,N2,0.025970604054826915
290,N2,N3,0.025559019220047705
290,N1,N3,0.025970604054826915
291,N1,N2,0.03154064140881323
291,N2,N3,0.03107025877849432
291,N1,N3,0.03154064140881323
292,N1,N2,0.030553805815751088
292,N2,N3,0.030171619935011246
292,N1,N3,0.030553805815751088
293,N1,N2,0.024988000579683024
293,N2,N3,0.02437062337355291
293,N1,N3,0.024988000579683024
294,N1,N2,0.05950047579274155
294,N2,N3,0.05855971053210374
294,N1,N3,0.05950047579274155
295,N1,N2,0.07319237610131163
295,N2,N3,0.07210461622393932
295,N1,N3,0.07319237610131163
296,N1,N2,0.02288473820577687
296,N2,N3,0.019709655425547215
296,N1,N3,0.02288473820577687
297,N1,N2,0.0921351169245905
297,N2,N3,0.09051817654974384
297,N1,N3,0.0921351169245905
298,N1,N2,0.05975109751427511
298,N2,N3,0.05851634312247652
298,N1,N3,0.05975109751427511
299,N1,N2,0.09054230836497842
299,N2,N3,0.0889547669748636
299,N1,N3,0.09054230836497842
300,N1,N2,0.05574775396286867
300,N2,N3,0.05507157889981393
300,N1,N3,0.05574775396286867
301,N1,N2,0.019326911565925094
301,N2,N3,0.01894472568518525
301,N1,N3,0.019326911565925094
302,N1,N2,0.036986504899056784
302,N2,N3,0.03648672334539098
302,N1,N3,0.036986504899056784
303,N1,N2,0.02566265293972051
303,N2,N3,0.0252510681049413
303,N1,N3,0.02566265293972051
304,N1,N2,0.026737599049704512
304,N2,N3,0.0263260142149253
304,N1,N3,0.026737599049704512
305,N1,N2,0.008124466480422005
305,N2,N3,0.007977471904610789
305,N1,N3,0.008124466480422005
306,N1,N2,0.03296416189569458
306,N2,N3,0.032434981398220236
306,N1,N3,0.03296416189569458
307,N1,N2,0.032214370913978815
307,N2,N3,0.031802786079199605
307,N1,N3,0.032214370913978815
308,N1,N2,0.04189760007240151
308,N2,N3,0.041309621769156646
308,N1,N3,0.04189760007240151
309,N1,N2,0.055780544767563875
309,N2,N3,0.05510436970450913
309,N1,N3,0.055780544767563875
310,N1,N2,0.06674221884502907
310,N2,N3,0.06583085246681487
310,N1,N3,0.06674221884502907
311,N1,N2,0.03798450538937062
311,N2,N3,0.03624996938252129
311,N1,N3,0.03798450538937062
312,N1,N2,0.06557168349243524
312,N2,N3,0.06477791280760865
312,N1,N3,0.06557168349243524
313,N1,N2,0.06571512775856285
313,N2,N3,0.06477436249792504
313,N1,N3,0.06571512775856285
314,N1,N2,0.058465203460901935
314,N2,N3,0.05767143277607535
314,N1,N3,0.058465203460901935
315,N1,N2,0.047897946738799976
315,N2,N3,0.04713357497732029
315,N1,N3,0.047897946738799976
316,N1,N2,0.03893145396420951
316,N2,N3,0.038343475660964646
316,N1,N3,0.03893145396420951
317,N1,N2,0.0328137834093001
317,N2,N3,0.0322552040089405
317,N1,N3,0.0328137834093001
318,N1,N2,0.02432994950329967
318,N2,N3,0.024006561428330332
318,N1,N3,0.02432994950329967
319,N1,N2,0.01906628901834962
319,N2,N3,0.018713502020033385
319,N1,N3,0.01906628901834962
320,N1,N2,0.060263382578041536
320,N2,N3,0.05944021294940641
320,N1,N3,0.060263382578041536
321,N1,N2,0.056179969141700106
321,N2,N3,0.055298001645909534
321,N1,N3,0.056179969141700106
322,N1,N2,0.04980834270980038
322,N2,N3,0.04916156658032336
322,N1,N3,0.04980834270980038
323,N1,N2,0.05358043217144291
323,N2,N3,0.052845459292386834
323,N1,N3,0.05358043217144291
324,N1,N2,0.053913739040293784
324,N2,N3,0.05326696291081677
324,N1,N3,0.053913739040293784
325,N1,N2,0.03206164743938815
325,N2,N3,0.03162066369149286
325,N1,N3,0.03206164743938815
326,N1,N2,0.014757146346974006
326,N2,N3,0.014463157195351574
326,N1,N3,0.014757146346974006
327,N1,N2,0.022898532103420924
327,N2,N3,0.022545745105104688
327,N1,N3,0.022898532103420924
328,N1,N2,0.02226933450788121
328,N2,N3,0.021857749673102
328,N1,N3,0.02226933450788121
329,N1,N2,0.03023482868919098
329,N2,N3,0.02973504713552518
329,N1,N3,0.03023482868919098
330,N1,N2,0.028340537859635424
330,N2,N3,0.02798775086131919
330,N1,N3,0.028340537859635424
331,N1,N2,0.03588104472908918
331,N2,N3,0.03538126317542338
331,N1,N3,0.03588104472908918
332,N1,N2,0.024172516983750413
332,N2,N3,0.023760932148971202
332,N1,N3,0.024172516983750413
333,N1,N2,0.031086893348011298
333,N2,N3,0.03052831394765169
333,N1,N3,0.031086893348011298
334,N1,N2,0.03292679787380578
334,N2,N3,0.03242701632013997
334,N1,N3,0.03292679787380578
335,N1,N2,0.012371209387414164
335,N2,N3,0.00919612660718451
335,N1,N3,0.012371209387414164
336,N1,N2,-0.015630132026156957
336,N2,N3,-0.020598548680391376
336,N1,N3,-0.015630132026156957
337,N1,N2,-0.021260059125042308
337,N2,N3,-0.02752202793592254
337,N1,N3,-0.021260059125042308
338,N1,N2,0.05446918752819824
338,N2,N3,0.047354650001642795
338,N1,N3,0.05446918752819824
339,N1,N2,0.010850565091842207
339,N2,N3,0.007322695108679889
339,N1,N3,0.010850565091842207
340,N1,N2,0.09049825973596928
340,N2,N3,0.08494186461479683
340,N1,N3,0.09049825973596928
341,N1,N2,0.18187622920958427
341,N2,N3,0.1770254081873525
341,N1,N3,0.18187622920958427
342,N1,N2,0.007653045086886023
342,N2,N3,0.0017732621567456142
342,N1,N3,0.007653045086886023
343,N1,N2,0.08799452419834719
343,N2,N3,0.08673037087297086
343,N1,N3,0.08799452419834719
344,N1,N2,0.09567513782160506
344,N2,N3,0.0944991811946537
344,N1,N3,0.09567513782160506
345,N1,N2,0.07740481722247275
345,N2,N3,0.07569968009804703
345,N1,N3,0.07740481722247275
346,N1,N2,0.08436446335575798
346,N2,N3,0.08295331546480125
346,N1,N3,0.08436446335575798
347,N1,N2,0.08389004161314306
347,N2,N3,0.08271408498619169
347,N1,N3,0.08389004161314306
348,N1,N2,0.09427003089550651
348,N2,N3,0.09238850027192266
348,N1,N3,0.09427003089550651
349,N1,N2,0.06349248589503403
349,N2,N3,0.06269871521020745
349,N1,N3,0.06349248589503403
350,N1,N2,0.11854274771861302
350,N2,N3,0.11642602572871562
350,N1,N3,0.11854274771861302
351,N1,N2,0.041243711234230096
351,N2,N3,0.040685131833870486
351,N1,N3,0.041243711234230096
352,N1,N2,0.029977562909712978
352,N2,N3,0.029477781356047176
352,N1,N3,0.029977562909712978
353,N1,N2,0.03025806832921321
353,N2,N3,0.029846483494434
353,N1,N3,0.03025806832921321
354,N1,N2,0.03351723743231165
354,N2,N3,0.033076253684416364
354,N1,N3,0.03351723743231165
355,N1,N2,0.031909908100419826
355,N2,N3,0.03143952547010092
355,N1,N3,0.031909908100419826
356,N1,N2,0.02593248878928859
356,N2,N3,0.025550302908548747
356,N1,N3,0.02593248878928859
357,N1,N2,0.03609243483964068
357,N2,N3,0.035563254342166326
357,N1,N3,0.03609243483964068
358,N1,N2,0.03526661430376392
358,N2,N3,0.0346492370976338
358,N1,N3,0.03526661430376392
359,N1,N2,0.045018997164203434
359,N2,N3,0.04216730229524995
359,N1,N3,0.045018997164203434
360,N1,N2,0.08184520278275462
360,N2,N3,0.08034585803991062
360,N1,N3,0.08184520278275462
361,N1,N2,0.030855637829139068
361,N2,N3,0.027798150680912084
361,N1,N3,0.030855637829139068
362,N1,N2,0.012201202101951386
362,N2,N3,0.006644806980778933
362,N1,N3,0.012201202101951386
363,N1,N2,0.09577312563448442
363,N2,N3,0.09403858962763509
363,N1,N3,0.09577312563448442
364,N1,N2,0.08511876648103975
364,N2,N3,0.0837958153396621
364,N1,N3,0.08511876648103975
365,N1,N2,0.11059832122147237
365,N2,N3,0.1092165723152475
365,N1,N3,0.11059832122147237
366,N1,N2,0.07026479726182953
366,N2,N3,0.06905944175245456
366,N1,N3,0.07026479726182953
367,N1,N2,0.06088218036608376
367,N2,N3,0.05982381937113506
367,N1,N3,0.06088218036608376
368,N1,N2,-0.049750534612236
368,N2,N3,-0.053925180622567126
368,N1,N3,-0.049750534612236
369,N1,N2,0.11935493973574271
369,N2,N3,0.11773799936089605
369,N1,N3,0.11935493973574271
370,N1,N2,0.07916008034972964
370,N2,N3,0.07795472484035466
370,N1,N3,0.07916008034972964
371,N1,N2,0.05763548430051626
371,N2,N3,0.05607734179282504
371,N1,N3,0.05763548430051626
372,N1,N2,0.07825160174903487
372,N2,N3,0.07719324075408615
372,N1,N3,0.07825160174903487
373,N1,N2,0.0650805826390627
373,N2,N3,0.06419861514327213
373,N1,N3,0.0650805826390627
374,N1,N2,0.039646905977782594
374,N2,N3,0.03908832657742299
374,N1,N3,0.039646905977782594
375,N1,N2,0.04673369316734809
375,N2,N3,0.04620451266987373
375,N1,N3,0.04673369316734809
376,N1,N2,0.026158943044027813
376,N2,N3,0.025747358209248603
376,N1,N3,0.026158943044027813
377,N1,N2,0.024331060931177585
377,N2,N3,0.023801880433703234
377,N1,N3,0.024331060931177585
378,N1,N2,0.033438203368318015
378,N2,N3,0.033026618533538804
378,N1,N3,0.033438203368318015
379,N1,N2,0.023347056673030588
379,N2,N3,0.022964870792290745
379,N1,N3,0.023347056673030588
380,N1,N2,0.04504436164778067
380,N2,N3,0.044368186584725924
380,N1,N3,0.04504436164778067
381,N1,N2,0.043771403021116095
381,N2,N3,0.043212823620756485
381,N1,N3,0.043771403021116095
382,N1,N2,0.024939525640642578
382,N2,N3,0.024439744086976776
382,N1,N3,0.024939525640642578
383,N1,N2,0.02194894360127341
383,N2,N3,0.0215373587664942
383,N1,N3,0.02194894360127341
384,N1,N2,0.023477007421587925
384,N2,N3,0.02300662479126902
384,N1,N3,0.023477007421587925
385,N1,N2,0.02378950487897661
385,N2,N3,0.0233779200441974
385,N1,N3,0.02378950487897661
386,N1,N2,0.03491430552394738
386,N2,N3,0.03441452397028158
386,N1,N3,0.03491430552394738
387,N1,N2,0.04156158053906392
387,N2,N3,0.04097360223581906
387,N1,N3,0.04156158053906392
388,N1,N2,0.034116270692570984
388,N2,N3,0.03361648913890518
388,N1,N3,0.034116270692570984
389,N1,N2,0.02738669764740728
389,N2,N3,0.026857517149932928
389,N1,N3,0.02738669764740728
390,N1,N2,0.034117941851877345
390,N2,N3,0.033324171167050755
390,N1,N3,0.034117941851877345
391,N1,N2,0.0671488233316879
391,N2,N3,0.06488510692967243
391,N1,N3,0.0671488233316879
392,N1,N2,-0.0939524147621778
392,N2,N3,-0.10015558550128614
392,N1,N3,-0.0939524147621778
393,N1,N2,0.09384067614460725
393,N2,N3,0.09216493800491338
393,N1,N3,0.09384067614460725
394,N1,N2,0.08956421364765171
394,N2,N3,0.08794727327280505
394,N1,N3,0.08956421364765171
395,N1,N2,0.09049004670233304
395,N2,N3,0.08913769657622356
395,N1,N3,0.09049004670233304
396,N1,N2,0.05150110759551445
396,N2,N3,0.050795533598881976
396,N1,N3,0.05150110759551445
397,N1,N2,0.04185962833044553
397,N2,N3,0.04124225112431541
397,N1,N3,0.04185962833044553
398,N1,N2,0.03743582178813348
398,N2,N3,0.036906641290659126
398,N1,N3,0.03743582178813348
399,N1,N2,0.02242445332337359
399,N2,N3,0.022042267442633746
399,N1,N3,0.02242445332337359
400,N1,N2,0.03188924340215128
400,N2,N3,0.031389461848485484
400,N1,N3,0.03188924340215128
401,N1,N2,0.03174392225073293
401,N2,N3,0.03127353962041402
401,N1,N3,0.03174392225073293
402,N1,N2,0.03244851721468515
402,N2,N3,0.03200753346678986
402,N1,N3,0.03244851721468515
403,N1,N2,0.027214596110319747
403,N2,N3,0.02677361236242446
403,N1,N3,0.027214596110319747
404,N1,N2,0.06091148612781499
404,N2,N3,0.05952973722159012
404,N1,N3,0.06091148612781499
405,N1,N2,0.04812755483154868
405,N2,N3,0.047363183070068995
405,N1,N3,0.04812755483154868
406,N1,N2,0.030585232602612825
406,N2,N3,0.028233319348710095
406,N1,N3,0.030585232602612825
407,N1,N2,0.03681890360309378
407,N2,N3,0.036319122049427985
407,N1,N3,0.03681890360309378
408,N1,N2,0.008128391439296261
408,N2,N3,0.007951997940138143
408,N1,N3,0.008128391439296261
409,N1,N2,0.03576271962390447
409,N2,N3,0.035086544560849725
409,N1,N3,0.03576271962390447
410,N1,N2,0.06606753940979507
410,N2,N3,0.06477398715084104
410,N1,N3,0.06606753940979507
411,N1,N2,0.0713633365587352
411,N2,N3,0.06959940156715405
411,N1,N3,0.0713633365587352
412,N1,N2,0.08017957430177164
412,N2,N3,0.07859203291165681
412,N1,N3,0.08017957430177164
413,N1,N2,0.11536508073395427
413,N2,N3,0.11321895996394149
413,N1,N3,0.11536508073395427
414,N1,N2,0.066081890505218
414,N2,N3,0.0640827642496315
414,N1,N3,0.066081890505218
415,N1,N2,0.13493148824952622
415,N2,N3,0.1329323619939397
415,N1,N3,0.13493148824952622
416,N1,N2,0.049164771809519475
416,N2,N3,0.046077885676560654
416,N1,N3,0.049164771809519475
417,N1,N2,0.06429888639294928
417,N2,N3,0.062387956784633616
417,N1,N3,0.06429888639294928
418,N1,N2,0.10873223595941975
418,N2,N3,0.10705649781972587
418,N1,N3,0.10873223595941975
419,N1,N2,0.08562069830021204
419,N2,N3,0.08441534279083707
419,N1,N3,0.08562069830021204
420,N1,N2,0.05666378411075294
420,N2,N3,0.05581121553830927
420,N1,N3,0.05666378411075294
421,N1,N2,0.03373637330960361
421,N2,N3,0.033148395006358744
421,N1,N3,0.03373637330960361
422,N1,N2,0.031619622980656875
422,N2,N3,0.031090442483182528
422,N1,N3,0.031619622980656875
423,N1,N2,0.02253013324906005
423,N2,N3,0.022089149501164765
423,N1,N3,0.02253013324906005
424,N1,N2,0.025083593087540552
424,N2,N3,0.024642609339645266
424,N1,N3,0.025083593087540552
425,N1,N2,0.031017723397011684
425,N2,N3,0.030517941843345883
425,N1,N3,0.031017723397011684
426,N1,N2,0.025900388058932418
426,N2,N3,0.025547601060616182
426,N1,N3,0.025900388058932418
427,N1,N2,0.038750789767878824
427,N2,N3,0.03828040713755992
427,N1,N3,0.038750789767878824
428,N1,N2,0.024484347258926627
428,N2,N3,0.02401396462860772
428,N1,N3,0.024484347258926627
429,N1,N2,0.032645307838003325
429,N2,N3,0.03217492520768442
429,N1,N3,0.032645307838003325
430,N1,N2,0.035825755899902285
430,N2,N3,0.035178979770425264
430,N1,N3,0.035825755899902285
431,N1,N2,0.06374595617607033
431,N2,N3,0.0627757919818548
431,N1,N3,0.06374595617607033
432,N1,N2,0.06992192616893853
432,N2,N3,0.06883416629156622
432,N1,N3,0.06992192616893853
433,N1,N2,0.042039841262798694
433,N2,N3,0.04115787376700812
433,N1,N3,0.042039841262798694
434,N1,N2,0.028524629260901692
434,N2,N3,0.02814244338016185
434,N1,N3,0.028524629260901692
435,N1,N2,0.033318392353753196
435,N2,N3,0.032759812953393586
435,N1,N3,0.033318392353753196
436,N1,N2,0.04612479699683779
436,N2,N3,0.045360425235358104
436,N1,N3,0.04612479699683779
437,N1,N2,0.05022155730928987
437,N2,N3,0.04931019093107568
437,N1,N3,0.05022155730928987
438,N1,N2,0.053922575471905876
438,N2,N3,0.05301120909369168
438,N1,N3,0.053922575471905876
439,N1,N2,0.009828149026052224
439,N2,N3,0.006241481482659114
439,N1,N3,0.009828149026052224
440,N1,N2,0.10114576629820013
440,N2,N3,0.0995582249080853
440,N1,N3,0.10114576629820013
441,N1,N2,0.09419986373546449
441,N2,N3,0.09193614733344903
441,N1,N3,0.09419986373546449
442,N1,N2,0.10969834497497713
442,N2,N3,0.1081108035848623
442,N1,N3,0.10969834497497713
443,N1,N2,0.11365310113910193
443,N2,N3,0.11080140627014845
443,N1,N3,0.11365310113910193
444,N1,N2,0.03109212544551558
444,N2,N3,0.03059234389184978
444,N1,N3,0.03109212544551558
445,N1,N2,0.022545989696760152
445,N2,N3,0.022105005948864866
445,N1,N3,0.022545989696760152
446,N1,N2,0.03351185321047105
446,N2,N3,0.033070869462575765
446,N1,N3,0.03351185321047105
447,N1,N2,0.027482928018153552
447,N2,N3,0.027041944270258265
447,N1,N3,0.027482928018153552
448,N1,N2,0.035963767391383024
448,N2,N3,0.03549338476106412
448,N1,N3,0.035963767391383024
449,N1,N2,0.026489009125766794
449,N2,N3,0.02610682324502695
449,N1,N3,0.026489009125766794
450,N1,N2,0.03212604110607558
450,N2,N3,0.031626259552409774
450,N1,N3,0.03212604110607558
451,N1,N2,0.02635975170432269
451,N2,N3,0.02597756582358285
451,N1,N3,0.02635975170432269
452,N1,N2,0.04229746381275108
452,N2,N3,0.041797682259085284
452,N1,N3,0.04229746381275108
453,N1,N2,0.05048567637988641
453,N2,N3,0.049897698076641545
453,N1,N3,0.05048567637988641
454,N1,N2,0.07997418993774968
454,N2,N3,0.07871003661237339
454,N1,N3,0.07997418993774968
455,N1,N2,0.04093914848520559
455,N2,N3,0.03867543208319013
455,N1,N3,0.04093914848520559
456,N1,N2,0.007733503552736193
456,N2,N3,0.003353065365439778
456,N1,N3,0.007733503552736193
457,N1,N2,-0.06208285670877629
457,N2,N3,-0.06625750271910742
457,N1,N3,-0.06208285670877629
458,N1,N2,0.08958020473590939
458,N2,N3,0.0857877446063181
458,N1,N3,0.08958020473590939
459,N1,N2,-0.05411895623529189
459,N2,N3,-0.05752923048414332
459,N1,N3,-0.05411895623529189
460,N1,N2,0.056494307966505536
460,N2,N3,0.05567113833787041
460,N1,N3,0.056494307966505536
461,N1,N2,0.04051143893989144
461,N2,N3,0.03980586494325897
461,N1,N3,0.04051143893989144
462,N1,N2,0.029413561443697816
462,N2,N3,0.028825583140452953
462,N1,N3,0.029413561443697816
463,N1,N2,-0.16136725394418333
463,N2,N3,-0.16959895023053467
463,N1,N3,-0.16136725394418333
464,N1,N2,-0.052576477955477735
464,N2,N3,-0.05983801030338412
464,N1,N3,-0.052576477955477735
465,N1,N2,0.20111248819337035
465,N2,N3,0.19781980947421335
465,N1,N3,0.20111248819337035
466,N1,N2,0.10721274682813013
466,N2,N3,0.10377307390147154
466,N1,N3,0.10721274682813013
467,N1,N2,0.0943967883753382
467,N2,N3,0.093279629574619
467,N1,N3,0.0943967883753382
468,N1,N2,0.06511267364339404
468,N2,N3,0.06426010507095037
468,N1,N3,0.06511267364339404
469,N1,N2,0.04127468436892891
469,N2,N3,0.04053971148987283
469,N1,N3,0.04127468436892891
470,N1,N2,0.044602064011016185
470,N2,N3,0.04395528788153917
470,N1,N3,0.044602064011016185
471,N1,N2,0.034399003592631
471,N2,N3,0.03384042419227139
471,N1,N3,0.034399003592631
472,N1,N2,0.03322326018700218
472,N2,N3,0.032694079689527825
472,N1,N3,0.03322326018700218
473,N1,N2,0.025749161740071594
473,N2,N3,0.02536697585933175
473,N1,N3,0.025749161740071594
474,N1,N2,0.03789671703781368
474,N2,N3,0.037367536540339336
474,N1,N3,0.03789671703781368
475,N1,N2,0.03293932235231409
475,N2,N3,0.03241014185483973
475,N1,N3,0.03293932235231409
476,N1,N2,0.04019678824581119
476,N2,N3,0.03966760774833683
476,N1,N3,0.04019678824581119
477,N1,N2,0.03358544992569493
477,N2,N3,0.03296807271956481
477,N1,N3,0.03358544992569493
478,N1,N2,0.08921126401218782
478,N2,N3,0.08774131825407566
478,N1,N3,0.08921126401218782
479,N1,N2,0.06857365992691086
479,N2,N3,0.06678032615521431
479,N1,N3,0.06857365992691086
480,N1,N2,0.0016015865127882722
480,N2,N3,-0.0023378682335375156
480,N1,N3,0.0016015865127882722
481,N1,N2,0.03675832522833278
481,N2,N3,0.03281887048200699
481,N1,N3,0.03675832522833278
482,N1,N2,0.03706520638915933
482,N2,N3,0.03209678973492491
482,N1,N3,0.03706520638915933
483,N1,N2,0.15153809450872968
483,N2,N3,0.14877459659397171
483,N1,N3,0.15153809450872968
484,N1,N2,0.0295453377794494
484,N2,N3,0.02537069176911827
484,N1,N3,0.0295453377794494
485,N1,N2,0.08265323572636507
485,N2,N3,0.08135968346741104
485,N1,N3,0.08265323572636507
486,N1,N2,0.04940037508532784
486,N2,N3,0.048547806512884165
486,N1,N3,0.04940037508532784
487,N1,N2,0.08537545768543192
487,N2,N3,0.08349392706184808
487,N1,N3,0.08537545768543192
488,N1,N2,0.02423662917341196
488,N2,N3,0.02156132790592484
488,N1,N3,0.02423662917341196
489,N1,N2,-0.052701265702799205
489,N2,N3,-0.05978640393769813
489,N1,N3,-0.052701265702799205
