P_ren,P_grid,shift,shed,unserved
0.13827564,0.0,0.0772416,0.0,0.0
0.14906381,0.0,0.10955687,0.0,0.0
0.16085625,0.06902881,0.0,0.0,0.0
0.10057471,0.0,0.0,0.0,0.0
0.08045977,0.0,0.0,0.0,0.0
0.10344828,0.0,0.0,0.0,0.0
0.12931034,0.0,0.0,0.0,0.0
0.109195404,0.0,0.0,0.0,0.0
0.094827585,0.0,0.0,0.0,0.0
0.13066165,0.0,0.31186707,0.0,0.0
0.15804598,0.0,0.0,0.0,0.0
0.10057471,0.0,0.0,0.0,0.0
0.048850574,0.0,0.0,0.0,0.0
0.05172414,0.0,0.0,0.0,0.0
0.048850574,0.0,0.0,0.0,0.0
0.05172414,0.0,0.0,0.0,0.0
0.040229887,0.0,0.0,0.0,0.0
0.04597701,0.0,0.0,0.0,0.0
0.048850574,0.0,0.0,0.0,0.0
0.03735632,0.0,0.0,0.0,0.0
0.048850574,0.0,0.0,0.0,0.0
0.03735632,0.0,0.0,0.0,0.0
0.054597702,0.0,0.0,0.0,0.0
0.11337584,0.0,0.15386556,0.0,0.0
0.1381737,0.0,0.06010215999999999,0.0,0.0
0.1478131,0.0,0.03609494999999999,0.0,0.0
0.03735632,0.0,0.0,0.0,0.0
0.048850574,0.0,0.0,0.0,0.0
0.048850574,0.0,0.0,0.0,0.0
0.048850574,0.0,0.0,0.0,0.0
0.03735632,0.0,0.0,0.0,0.0
0.04597701,0.0,0.0,0.0,0.0
0.048850574,0.0,0.0,0.0,0.0
0.03735632,0.0,0.0,0.0,0.0
0.054597702,0.0,0.0,0.0,0.0
0.0862069,0.0,0.0,0.0,0.0
0.060344826,0.0,0.0,0.0,0.0
0.05172414,0.0,0.0,0.0,0.0
0.04310345,0.0,0.0,0.0,0.0
0.04597701,0.0,0.0,0.0,0.0
0.05172414,0.0,0.0,0.0,0.0
0.04597701,0.0,0.0,0.0,0.0
0.04310345,0.0,0.0,0.0,0.0
0.048850574,0.0,0.0,0.0,0.0
0.06321839,0.0,0.0,0.0,0.0
0.04597701,0.0,0.0,0.0,0.0
0.048850574,0.0,0.0,0.0,0.0
0.057471264,0.0,0.0,0.0,0.0
0.066091955,0.0,0.0,0.0,0.0
0.04597701,0.0,0.0,0.0,0.0
0.057471264,0.0,0.0,0.0,0.0
0.115945846,0.0,0.06796220399999998,0.0,0.0
0.13032703,0.0,0.11967296999999999,0.0,0.0
0.10344828,0.0,0.0,0.0,0.0
0.07183908,0.0,0.0,0.0,0.0
0.0862069,0.0,0.0,0.0,0.0
0.13046162,0.0,0.2833315,0.0,0.0
0.15804598,0.0,0.0,0.0,0.0
0.1408046,0.0,0.0,0.0,0.0
0.11494253,0.0,0.0,0.0,0.0
0.07471264,0.0,0.0,0.0,0.0
0.07471264,0.0,0.0,0.0,0.0
0.054597702,0.0,0.0,0.0,0.0
0.040229887,0.0,0.0,0.0,0.0
0.04597701,0.0,0.0,0.0,0.0
0.048850574,0.0,0.0,0.0,0.0
0.048850574,0.0,0.0,0.0,0.0
0.03735632,0.0,0.0,0.0,0.0
0.07471264,0.0,0.0,0.0,0.0
0.060344826,0.0,0.0,0.0,0.0
0.054597702,0.0,0.0,0.0,0.0
0.048850574,0.0,0.0,0.0,0.0
0.04597701,0.0,0.0,0.0,0.0
0.04310345,0.0,0.0,0.0,0.0
0.048850574,0.0,0.0,0.0,0.0
0.05172414,0.0,0.0,0.0,0.0
0.04310345,0.0,0.0,0.0,0.0
0.04310345,0.0,0.0,0.0,0.0
0.048850574,0.0,0.0,0.0,0.0
0.060344826,0.0,0.0,0.0,0.0
0.11496796,0.0,0.05457226999999999,0.0,0.0
0.12643678,0.0,0.0,0.0,0.0
0.13218391,0.0,0.0,0.0,0.0
0.11494253,0.0,0.0,0.0,0.0
0.06896552,0.0,0.0,0.0,0.0
0.05172414,0.0,0.0,0.0,0.0
0.048850574,0.0,0.0,0.0,0.0
0.040229887,0.0,0.0,0.0,0.0
0.048850574,0.0,0.0,0.0,0.0
0.048850574,0.0,0.0,0.0,0.0
0.04310345,0.0,0.0,0.0,0.0
0.040229887,0.0,0.0,0.0,0.0
0.06896552,0.0,0.0,0.0,0.0
0.11521341,0.02559119,0.0,0.0,0.0
0.083333336,0.0,0.0,0.0,0.0
0.12563874,0.10424632,0.0,0.0,0.0
0.06321839,0.0,0.0,0.0,0.0
0.060344826,0.0,0.0,0.0,0.0
0.04597701,0.0,0.0,0.0,0.0
0.048850574,0.0,0.0,0.0,0.0
0.077586204,0.0,0.0,0.0,0.0
0.08908046,0.0,0.0,0.0,0.0
0.083333336,0.0,0.0,0.0,0.0
0.08045977,0.0,0.0,0.0,0.0
0.109195404,0.0,0.0,0.0,0.0
0.12636252,0.0,7.425999999999267e-05,0.0,0.0
0.11494253,0.0,0.0,0.0,0.0
0.09770115,0.0,0.0,0.0,0.0
0.057471264,0.0,0.0,0.0,0.0
0.04597701,0.0,0.0,0.0,0.0
0.048850574,0.0,0.0,0.0,0.0
0.048850574,0.0,0.0,0.0,0.0
0.048850574,0.0,0.0,0.0,0.0
0.048850574,0.0,0.0,0.0,0.0
0.03735632,0.0,0.0,0.0,0.0
0.048850574,0.0,0.0,0.0,0.0
0.057471264,0.0,0.0,0.0,0.0
0.03448276,0.0,0.0,0.0,0.0
0.05172414,0.0,0.0,0.0,0.0
0.040229887,0.0,0.0,0.0,0.0
0.03448276,0.0,0.0,0.0,0.0
0.05172414,0.0,0.0,0.0,0.0
0.03735632,0.0,0.0,0.0,0.0
0.04597701,0.0,0.0,0.0,0.0
0.048850574,0.0,0.0,0.0,0.0
0.048850574,0.0,0.0,0.0,0.0
0.06896552,0.0,0.0,0.0,0.0
0.11608945,0.0,0.039082960000000014,0.0,0.0
0.12741329,0.18293153,0.0,0.0,0.0
0.13218391,0.0,0.0,0.0,0.0
0.14983685,0.0,0.013956250000000003,0.0,0.0
0.123563215,0.0,0.0,0.0,0.0
0.07471264,0.0,0.0,0.0,0.0
0.054597702,0.0,0.0,0.0,0.0
0.048850574,0.0,0.0,0.0,0.0
0.04597701,0.0,0.0,0.0,0.0
0.04310345,0.0,0.0,0.0,0.0
0.05172414,0.0,0.0,0.0,0.0
0.05172414,0.0,0.0,0.0,0.0
0.03735632,0.0,0.0,0.0,0.0
0.05172414,0.0,0.0,0.0,0.0
0.113449335,0.09057365499999999,0.0,0.0,0.0
0.13099666,0.0,0.12475048,0.0,0.0
0.14924684,0.0,0.38523596000000004,0.0,0.0
0.112068966,0.0,0.0,0.0,0.0
0.077586204,0.0,0.0,0.0,0.0
0.15497218,0.0,0.40824622,0.0,0.0
0.1969146,0.27434976,0.0,0.0,0.0
0.21725975,0.19653337,0.0,0.0,0.0
0.2235337,0.0,0.2764663,0.0,0.0
0.23661385,0.0,0.062236719999999995,0.0,0.0
0.22067447,0.0,0.33679683,0.0,0.0
0.23924546,0.0,0.11132924000000002,0.0,0.0
0.22793208,0.0,0.32379206000000005,0.0,0.0
0.24336834,0.0,0.06697648000000003,0.0,0.0
0.15804598,0.0,0.0,0.0,0.0
0.060344826,0.0,0.0,0.0,0.0
0.04597701,0.0,0.0,0.0,0.0
0.057471264,0.0,0.0,0.0,0.0
0.05172414,0.0,0.0,0.0,0.0
0.060344826,0.0,0.0,0.0,0.0
0.054597702,0.0,0.0,0.0,0.0
0.054597702,0.0,0.0,0.0,0.0
0.054597702,0.0,0.0,0.0,0.0
0.048850574,0.0,0.0,0.0,0.0
0.060344826,0.0,0.0,0.0,0.0
0.115495235,0.0,0.03105649499999999,0.0,0.0
0.12586023,0.05517425000000001,0.0,0.0,0.0
0.13699213,0.0,0.01818028000000002,0.0,0.0
0.14140046,0.08273747000000001,0.0,0.0,0.0
0.11781609,0.0,0.0,0.0,0.0
0.14610302,0.006195830000000013,0.0,0.0,0.0
0.14548224,0.0,0.0010694899999999785,0.0,0.0
0.13505746,0.0,0.0,0.0,0.0
0.14223538,0.0,0.033051970000000014,0.0,0.0
0.14367816,0.0,0.0,0.0,0.0
0.14415549,0.0,0.22366060999999998,0.0,0.0
0.16887449,0.0,0.06963126,0.0,0.0
0.10632184,0.0,0.0,0.0,0.0
0.10057471,0.0,0.0,0.0,0.0
0.08045977,0.0,0.0,0.0,0.0
0.057471264,0.0,0.0,0.0,0.0
0.03448276,0.0,0.0,0.0,0.0
0.04310345,0.0,0.0,0.0,0.0
0.04597701,0.0,0.0,0.0,0.0
0.040229887,0.0,0.0,0.0,0.0
0.020114943,0.0,0.0,0.0,0.0
0.040229887,0.0,0.0,0.0,0.0
0.048850574,0.0,0.0,0.0,0.0
0.040229887,0.0,0.0,0.0,0.0
0.11158539,0.0,0.00048357599999999945,0.0,0.0
0.119617194,0.0,0.035555216000000014,0.0,0.0
0.12643678,0.0,0.0,0.0,0.0
0.13371499,0.004216040000000004,0.0,0.0,0.0
0.13218391,0.0,0.0,0.0,0.0
0.11781609,0.0,0.0,0.0,0.0
0.13689102,0.0,0.04989060000000001,0.0,0.0
0.10344828,0.0,0.0,0.0,0.0
0.112068966,0.0,0.0,0.0,0.0
0.13630174,0.0,0.061974119999999994,0.0,0.0
0.14427112,0.21492428,0.0,0.0,0.0
0.12068965,0.0,0.0,0.0,0.0
0.11781609,0.0,0.0,0.0,0.0
0.1488382,0.0,0.22759856999999997,0.0,0.0
0.17206518,0.0,0.12965895999999996,0.0,0.0
0.10057471,0.0,0.0,0.0,0.0
0.094827585,0.0,0.0,0.0,0.0
0.057471264,0.0,0.0,0.0,0.0
0.04310345,0.0,0.0,0.0,0.0
0.048850574,0.0,0.0,0.0,0.0
0.04310345,0.0,0.0,0.0,0.0
0.04597701,0.0,0.0,0.0,0.0
0.040229887,0.0,0.0,0.0,0.0
0.04310345,0.0,0.0,0.0,0.0
0.057471264,0.0,0.0,0.0,0.0
0.10344828,0.0,0.0,0.0,0.0
0.07183908,0.0,0.0,0.0,0.0
0.12077649,0.0,0.08612007,0.0,0.0
0.12931034,0.0,0.0,0.0,0.0
0.13807684,0.0,0.16939444,0.0,0.0
0.15892486,0.0,0.25199469,0.0,0.0
0.10344828,0.0,0.0,0.0,0.0
0.14367816,0.0,0.0,0.0,0.0
0.10344828,0.0,0.0,0.0,0.0
0.14568724,0.0,0.22500241999999998,0.0,0.0
0.16880201,0.0,0.04958879999999999,0.0,0.0
0.14942528,0.0,0.0,0.0,0.0
0.11781609,0.0,0.0,0.0,0.0
0.06896552,0.0,0.0,0.0,0.0
0.031609196,0.0,0.0,0.0,0.0
0.054597702,0.0,0.0,0.0,0.0
0.03735632,0.0,0.0,0.0,0.0
0.04597701,0.0,0.0,0.0,0.0
0.040229887,0.0,0.0,0.0,0.0
0.04310345,0.0,0.0,0.0,0.0
0.04310345,0.0,0.0,0.0,0.0
0.05172414,0.0,0.0,0.0,0.0
0.048850574,0.0,0.0,0.0,0.0
0.06321839,0.0,0.0,0.0,0.0
0.048850574,0.0,0.0,0.0,0.0
0.040229887,0.0,0.0,0.0,0.0
0.04310345,0.0,0.0,0.0,0.0
0.040229887,0.0,0.0,0.0,0.0
0.04310345,0.0,0.0,0.0,0.0
0.022988506,0.0,0.0,0.0,0.0
0.04310345,0.0,0.0,0.0,0.0
0.040229887,0.0,0.0,0.0,0.0
0.066091955,0.0,0.0,0.0,0.0
0.11421512,0.0,0.10130212,0.0,0.0
0.123563215,0.0,0.0,0.0,0.0
0.13576402,0.0,0.028029079999999984,0.0,0.0
0.14129093,0.013881480000000002,0.0,0.0,0.0
0.06321839,0.0,0.0,0.0,0.0
0.031609196,0.0,0.0,0.0,0.0
0.04597701,0.0,0.0,0.0,0.0
0.040229887,0.0,0.0,0.0,0.0
0.04310345,0.0,0.0,0.0,0.0
0.04597701,0.0,0.0,0.0,0.0
0.040229887,0.0,0.0,0.0,0.0
0.040229887,0.0,0.0,0.0,0.0
0.06321839,0.0,0.0,0.0,0.0
0.07183908,0.0,0.0,0.0,0.0
0.04310345,0.0,0.0,0.0,0.0
0.057471264,0.0,0.0,0.0,0.0
0.06321839,0.0,0.0,0.0,0.0
0.05172414,0.0,0.0,0.0,0.0
0.07183908,0.0,0.0,0.0,0.0
0.048850574,0.0,0.0,0.0,0.0
0.10057471,0.0,0.0,0.0,0.0
0.09195402,0.0,0.0,0.0,0.0
0.094827585,0.0,0.0,0.0,0.0
0.12548053,0.0,0.006703379999999981,0.0,0.0
0.13070123,0.02447118000000001,0.0,0.0,0.0
0.13677378,0.0,0.12184689999999998,0.0,0.0
0.15249021,0.0,0.04578565000000001,0.0,0.0
0.15624489,0.0,0.17996199,0.0,0.0
0.09195402,0.0,0.0,0.0,0.0
0.040229887,0.0,0.0,0.0,0.0
0.048850574,0.0,0.0,0.0,0.0
0.040229887,0.0,0.0,0.0,0.0
0.040229887,0.0,0.0,0.0,0.0
0.03735632,0.0,0.0,0.0,0.0
0.040229887,0.0,0.0,0.0,0.0
0.048850574,0.0,0.0,0.0,0.0
0.04597701,0.0,0.0,0.0,0.0
0.05172414,0.0,0.0,0.0,0.0
0.03735632,0.0,0.0,0.0,0.0
0.04310345,0.0,0.0,0.0,0.0
0.014367816,0.0,0.0,0.0,0.0
0.04597701,0.0,0.0,0.0,0.0
0.040229887,0.0,0.0,0.0,0.0
0.04597701,0.0,0.0,0.0,0.0
0.03735632,0.0,0.0,0.0,0.0
0.060344826,0.0,0.0,0.0,0.0
0.09195402,0.0,0.0,0.0,0.0
0.10632184,0.0,0.0,0.0,0.0
0.123968735,0.0,0.18637608500000002,0.0,0.0
0.15026969,0.0,0.007776289999999991,0.0,0.0
0.12068965,0.0,0.0,0.0,0.0
0.14604446,0.009127950000000024,0.0,0.0,0.0
0.066091955,0.0,0.0,0.0,0.0
0.03735632,0.0,0.0,0.0,0.0
0.048850574,0.0,0.0,0.0,0.0
0.040229887,0.0,0.0,0.0,0.0
0.040229887,0.0,0.0,0.0,0.0
0.014367816,0.0,0.0,0.0,0.0
0.05172414,0.0,0.0,0.0,0.0
0.040229887,0.0,0.0,0.0,0.0
0.057471264,0.0,0.0,0.0,0.0
0.066091955,0.0,0.0,0.0,0.0
0.08908046,0.0,0.0,0.0,0.0
0.11976245,0.0,0.04977777999999998,0.0,0.0
0.077586204,0.0,0.0,0.0,0.0
0.09195402,0.0,0.0,0.0,0.0
0.077586204,0.0,0.0,0.0,0.0
0.07471264,0.0,0.0,0.0,0.0
0.057471264,0.0,0.0,0.0,0.0
0.054597702,0.0,0.0,0.0,0.0
0.031609196,0.0,0.0,0.0,0.0
0.03448276,0.0,0.0,0.0,0.0
0.08045977,0.0,0.0,0.0,0.0
0.0862069,0.0,0.0,0.0,0.0
0.06321839,0.0,0.0,0.0,0.0
0.07183908,0.0,0.0,0.0,0.0
0.06321839,0.0,0.0,0.0,0.0
0.04310345,0.0,0.0,0.0,0.0
0.028735632,0.0,0.0,0.0,0.0
0.03448276,0.0,0.0,0.0,0.0
0.040229887,0.0,0.0,0.0,0.0
0.048850574,0.0,0.0,0.0,0.0
0.03448276,0.0,0.0,0.0,0.0
0.048850574,0.0,0.0,0.0,0.0
0.040229887,0.0,0.0,0.0,0.0
0.054597702,0.0,0.0,0.0,0.0
0.048850574,0.0,0.0,0.0,0.0
0.11388834,0.0,0.19645648000000002,0.0,0.0
0.14337638,0.0,0.3422558,0.0,0.0
0.18460427,0.0,0.42746467999999993,0.0,0.0
0.22804944,0.46735286000000004,0.0,0.0,0.0
0.2672438,0.0,0.07758380000000004,0.0,0.0
0.24955235,0.0,0.29355111,0.0,0.0
0.25755394,0.0,0.21658399,0.0,0.0
0.25421548,0.0,0.32049714999999995,0.0,0.0
0.123563215,0.0,0.0,0.0,0.0
0.11494253,0.0,0.0,0.0,0.0
0.16666667,0.0,0.0,0.0,0.0
0.13793103,0.0,0.0,0.0,0.0
0.11494253,0.0,0.0,0.0,0.0
0.1415123,0.0,0.04239574999999998,0.0,0.0
0.077586204,0.0,0.0,0.0,0.0
0.13516383,0.0,0.07173273,0.0,0.0
0.054597702,0.0,0.0,0.0,0.0
0.048850574,0.0,0.0,0.0,0.0
0.040229887,0.0,0.0,0.0,0.0
0.04310345,0.0,0.0,0.0,0.0
0.04597701,0.0,0.0,0.0,0.0
0.03735632,0.0,0.0,0.0,0.0
0.05172414,0.0,0.0,0.0,0.0
0.060344826,0.0,0.0,0.0,0.0
0.114585355,0.164150285,0.0,0.0,0.0
0.14024608,0.0,0.006305649999999996,0.0,0.0
0.14328627,0.0,0.1555643,0.0,0.0
0.16164277,0.0,0.38146069,0.0,0.0
0.16954023,0.0,0.0,0.0,0.0
0.12931034,0.0,0.0,0.0,0.0
0.13505746,0.0,0.0,0.0,0.0
0.11781609,0.0,0.0,0.0,0.0
0.10344828,0.0,0.0,0.0,0.0
0.13809432,0.0,0.26995166,0.0,0.0
0.15804598,0.0,0.0,0.0,0.0
0.11781609,0.0,0.0,0.0,0.0
0.15147348,0.0,0.0008253700000000197,0.0,0.0
0.10344828,0.0,0.0,0.0,0.0
0.0862069,0.0,0.0,0.0,0.0
0.054597702,0.0,0.0,0.0,0.0
0.05172414,0.0,0.0,0.0,0.0
0.040229887,0.0,0.0,0.0,0.0
0.05172414,0.0,0.0,0.0,0.0
0.040229887,0.0,0.0,0.0,0.0
0.03735632,0.0,0.0,0.0,0.0
0.066091955,0.0,0.0,0.0,0.0
0.054597702,0.0,0.0,0.0,0.0
0.048850574,0.0,0.0,0.0,0.0
0.040229887,0.0,0.0,0.0,0.0
0.04597701,0.0,0.0,0.0,0.0
0.040229887,0.0,0.0,0.0,0.0
0.048850574,0.0,0.0,0.0,0.0
0.057471264,0.0,0.0,0.0,0.0
0.048850574,0.0,0.0,0.0,0.0
0.05172414,0.0,0.0,0.0,0.0
0.077586204,0.0,0.0,0.0,0.0
0.11769314,0.0,0.10357121999999999,0.0,0.0
0.13587071,0.0,0.47045109,0.0,0.0
0.1637931,0.0,0.0,0.0,0.0
0.15804598,0.0,0.0,0.0,0.0
0.13218391,0.0,0.0,0.0,0.0
0.06896552,0.0,0.0,0.0,0.0
0.060344826,0.0,0.0,0.0,0.0
0.05172414,0.0,0.0,0.0,0.0
0.03735632,0.0,0.0,0.0,0.0
0.048850574,0.0,0.0,0.0,0.0
0.04597701,0.0,0.0,0.0,0.0
0.04310345,0.0,0.0,0.0,0.0
0.04310345,0.0,0.0,0.0,0.0
0.11238597,0.0,0.02267148999999999,0.0,0.0
0.07471264,0.0,0.0,0.0,0.0
0.122889325,0.0,0.10699573500000001,0.0,0.0
0.048850574,0.0,0.0,0.0,0.0
0.01724138,0.0,0.0,0.0,0.0
0.066091955,0.0,0.0,0.0,0.0
0.11953433,0.0,0.006902450000000004,0.0,0.0
0.1255549,0.0,0.04685890000000001,0.0,0.0
0.13525823,0.0,0.019914180000000004,0.0,0.0
0.13996933,0.0,0.06980078,0.0,0.0
0.14895357,0.0,0.046448729999999994,0.0,0.0
0.15316789,0.0,0.04223441,0.0,0.0
0.15551837,0.14620576999999998,0.0,0.0,0.0
0.16894545,0.0,0.017836170000000012,0.0,0.0
0.1637931,0.0,0.0,0.0,0.0
0.11781609,0.0,0.0,0.0,0.0
0.083333336,0.0,0.0,0.0,0.0
0.057471264,0.0,0.0,0.0,0.0
0.05172414,0.0,0.0,0.0,0.0
0.04310345,0.0,0.0,0.0,0.0
0.04310345,0.0,0.0,0.0,0.0
0.048850574,0.0,0.0,0.0,0.0
0.03448276,0.0,0.0,0.0,0.0
0.04597701,0.0,0.0,0.0,0.0
0.04597701,0.0,0.0,0.0,0.0
0.04597701,0.0,0.0,0.0,0.0
0.06321839,0.0,0.0,0.0,0.0
0.094827585,0.0,0.0,0.0,0.0
0.10632184,0.0,0.0,0.0,0.0
0.0862069,0.0,0.0,0.0,0.0
0.03735632,0.0,0.0,0.0,0.0
0.054597702,0.0,0.0,0.0,0.0
0.07471264,0.0,0.0,0.0,0.0
0.08908046,0.0,0.0,0.0,0.0
0.08908046,0.0,0.0,0.0,0.0
0.12338553,0.0,0.22718917000000002,0.0,0.0
0.1540838,0.0,0.0010886100000000176,0.0,0.0
0.15330453,0.06795983,0.0,0.0,0.0
0.15517241,0.0,0.0,0.0,0.0
0.15451623,0.0,0.12421941,0.0,0.0
0.048850574,0.0,0.0,0.0,0.0
0.04310345,0.0,0.0,0.0,0.0
0.04310345,0.0,0.0,0.0,0.0
0.04310345,0.0,0.0,0.0,0.0
0.04597701,0.0,0.0,0.0,0.0
0.03735632,0.0,0.0,0.0,0.0
0.048850574,0.0,0.0,0.0,0.0
0.03735632,0.0,0.0,0.0,0.0
0.048850574,0.0,0.0,0.0,0.0
0.057471264,0.0,0.0,0.0,0.0
0.11405639,0.0,0.00950682500000001,0.0,0.0
0.122504786,0.0,0.09875957399999999,0.0,0.0
0.13934477,0.0,0.28881613,0.0,0.0
0.17460369,0.0,0.23344228999999997,0.0,0.0
0.19657557,0.0,0.17411408999999997,0.0,0.0
0.2057956,0.0,0.12753773999999998,0.0,0.0
0.08045977,0.0,0.0,0.0,0.0
0.06896552,0.0,0.0,0.0,0.0
0.057471264,0.0,0.0,0.0,0.0
0.1349087,0.0,0.669689,0.0,0.0
0.21119137,0.49857877000000006,0.0,0.0,0.0
0.2575878,0.0,0.06425130000000001,0.0,0.0
0.24126373,0.0,0.09494314999999998,0.0,0.0
0.109195404,0.0,0.0,0.0,0.0
0.083333336,0.0,0.0,0.0,0.0
0.07183908,0.0,0.0,0.0,0.0
0.06321839,0.0,0.0,0.0,0.0
0.054597702,0.0,0.0,0.0,0.0
0.05172414,0.0,0.0,0.0,0.0
0.03735632,0.0,0.0,0.0,0.0
0.05172414,0.0,0.0,0.0,0.0
0.05172414,0.0,0.0,0.0,0.0
0.05172414,0.0,0.0,0.0,0.0
0.060344826,0.0,0.0,0.0,0.0
0.11521663,0.02846153,0.0,0.0,0.0
0.12541835,0.0,0.049869,0.0,0.0
0.13607712,0.0,0.24898036,0.0,0.0
0.16708575,0.21797173,0.0,0.0,0.0
0.18854459,0.0,0.29708759,0.0,0.0
0.21406503,0.0,0.056049899999999986,0.0,0.0
0.20485197,0.0,0.20319400999999998,0.0,0.0
0.12643678,0.0,0.0,0.0,0.0
0.083333336,0.0,0.0,0.0,0.0
0.1590425,0.0,0.024865549999999986,0.0,0.0
0.15396042,0.0,0.10753383,0.0,0.0
0.16101943,0.0,0.53150927,0.0,0.0
