metric_name,metric_value,source
input_folder,/content/drive/MyDrive/10_NEO_Edge_outputs,full_system_kpis.json
rows_edge_stream_results,490,full_system_kpis.json
rows_edge_controller_actions,490,full_system_kpis.json
rows_edge_latency_summary,1,full_system_kpis.json
rows_edge_action_usage,4,full_system_kpis.json
rows_edge_action_transitions,12,full_system_kpis.json
rows_edge_vs_rl_vs_baseline,4,full_system_kpis.json
unique_actions,4,full_system_kpis.json
most_common_action,0,full_system_kpis.json
action_switches,116,full_system_kpis.json
action_switch_rate,0.23721881390593047,full_system_kpis.json
latency_mean,30.289235087005483,full_system_kpis.json
latency_std,50.06955795007263,full_system_kpis.json
latency_min,0.6375098571360078,full_system_kpis.json
latency_max,117.0,full_system_kpis.json
full_system_simulation_table.baseline.mean,2.908419654725166,full_system_simulation_table
full_system_simulation_table.baseline.std,3.4618618221837516,full_system_simulation_table
full_system_simulation_table.baseline.min,0.045311845056312,full_system_simulation_table
full_system_simulation_table.baseline.max,8.525356905717441,full_system_simulation_table
full_system_simulation_table.rl_controlled.mean,2.8768924653888597,full_system_simulation_table
full_system_simulation_table.rl_controlled.std,3.4939951609051136,full_system_simulation_table
full_system_simulation_table.rl_controlled.min,0.048854105472884,full_system_simulation_table
full_system_simulation_table.rl_controlled.max,8.606971233123364,full_system_simulation_table
full_system_simulation_table.edge_executed.mean,2.868573386611338,full_system_simulation_table
full_system_simulation_table.edge_executed.std,3.490825245483123,full_system_simulation_table
full_system_simulation_table.edge_executed.min,0.0488698744343594,full_system_simulation_table
full_system_simulation_table.edge_executed.max,8.599206997068878,full_system_simulation_table
full_system_simulation_table.edge_stream_rows.mean,490.0,full_system_simulation_table
full_system_simulation_table.edge_stream_rows.std,0.0,full_system_simulation_table
full_system_simulation_table.edge_stream_rows.min,490.0,full_system_simulation_table
full_system_simulation_table.edge_stream_rows.max,490.0,full_system_simulation_table
full_system_simulation_table.edge_action_rows.mean,490.0,full_system_simulation_table
full_system_simulation_table.edge_action_rows.std,0.0,full_system_simulation_table
full_system_simulation_table.edge_action_rows.min,490.0,full_system_simulation_table
full_system_simulation_table.edge_action_rows.max,490.0,full_system_simulation_table
full_system_simulation_table.unique_actions.mean,4.0,full_system_simulation_table
full_system_simulation_table.unique_actions.std,0.0,full_system_simulation_table
full_system_simulation_table.unique_actions.min,4.0,full_system_simulation_table
full_system_simulation_table.unique_actions.max,4.0,full_system_simulation_table
full_system_simulation_table.most_common_action.mean,0.0,full_system_simulation_table
full_system_simulation_table.most_common_action.std,0.0,full_system_simulation_table
full_system_simulation_table.most_common_action.min,0.0,full_system_simulation_table
full_system_simulation_table.most_common_action.max,0.0,full_system_simulation_table
full_system_simulation_table.action_switches.mean,116.0,full_system_simulation_table
full_system_simulation_table.action_switches.std,0.0,full_system_simulation_table
full_system_simulation_table.action_switches.min,116.0,full_system_simulation_table
full_system_simulation_table.action_switches.max,116.0,full_system_simulation_table
full_system_simulation_table.action_switch_rate.mean,0.2372188139059304,full_system_simulation_table
full_system_simulation_table.action_switch_rate.std,0.0,full_system_simulation_table
full_system_simulation_table.action_switch_rate.min,0.2372188139059304,full_system_simulation_table
full_system_simulation_table.action_switch_rate.max,0.2372188139059304,full_system_simulation_table
full_system_simulation_table.latency_mean.mean,30.289235087005483,full_system_simulation_table
full_system_simulation_table.latency_mean.std,0.0,full_system_simulation_table
full_system_simulation_table.latency_mean.min,30.289235087005483,full_system_simulation_table
full_system_simulation_table.latency_mean.max,30.289235087005483,full_system_simulation_table
full_system_simulation_table.latency_std.mean,50.06955795007263,full_system_simulation_table
full_system_simulation_table.latency_std.std,0.0,full_system_simulation_table
full_system_simulation_table.latency_std.min,50.06955795007263,full_system_simulation_table
full_system_simulation_table.latency_std.max,50.06955795007263,full_system_simulation_table
full_system_simulation_table.latency_min.mean,0.6375098571360078,full_system_simulation_table
full_system_simulation_table.latency_min.std,0.0,full_system_simulation_table
full_system_simulation_table.latency_min.min,0.6375098571360078,full_system_simulation_table
full_system_simulation_table.latency_min.max,0.6375098571360078,full_system_simulation_table
full_system_simulation_table.latency_max.mean,117.0,full_system_simulation_table
full_system_simulation_table.latency_max.std,0.0,full_system_simulation_table
full_system_simulation_table.latency_max.min,117.0,full_system_simulation_table
full_system_simulation_table.latency_max.max,117.0,full_system_simulation_table
full_system_action_summary.action.mean,2.5,full_system_action_summary
full_system_action_summary.action.std,1.8027756377319946,full_system_action_summary
full_system_action_summary.action.min,0.0,full_system_action_summary
full_system_action_summary.action.max,5.0,full_system_action_summary
full_system_action_summary.count.mean,122.5,full_system_action_summary
full_system_action_summary.count.std,169.34358564764122,full_system_action_summary
full_system_action_summary.count.min,9.0,full_system_action_summary
full_system_action_summary.count.max,414.0,full_system_action_summary
full_system_action_summary.ratio.mean,0.24999999999999997,full_system_action_summary
full_system_action_summary.ratio.std,0.3455991543829413,full_system_action_summary
full_system_action_summary.ratio.min,0.0183673469387755,full_system_action_summary
full_system_action_summary.ratio.max,0.8448979591836735,full_system_action_summary
full_system_latency_summary.count.mean,1.0,full_system_latency_summary
full_system_latency_summary.count.std,0.0,full_system_latency_summary
full_system_latency_summary.count.min,1.0,full_system_latency_summary
full_system_latency_summary.count.max,1.0,full_system_latency_summary
full_system_latency_summary.mean.mean,30.289235087005483,full_system_latency_summary
full_system_latency_summary.mean.std,50.06955795007263,full_system_latency_summary
full_system_latency_summary.mean.min,0.6375098571360078,full_system_latency_summary
full_system_latency_summary.mean.max,117.0,full_system_latency_summary
full_system_latency_summary.min.mean,30.289235087005483,full_system_latency_summary
full_system_latency_summary.min.std,50.06955795007263,full_system_latency_summary
full_system_latency_summary.min.min,0.6375098571360078,full_system_latency_summary
full_system_latency_summary.min.max,117.0,full_system_latency_summary
full_system_latency_summary.25%.mean,30.289235087005483,full_system_latency_summary
full_system_latency_summary.25%.std,50.06955795007263,full_system_latency_summary
full_system_latency_summary.25%.min,0.6375098571360078,full_system_latency_summary
full_system_latency_summary.25%.max,117.0,full_system_latency_summary
full_system_latency_summary.50%.mean,30.289235087005483,full_system_latency_summary
full_system_latency_summary.50%.std,50.06955795007263,full_system_latency_summary
full_system_latency_summary.50%.min,0.6375098571360078,full_system_latency_summary
full_system_latency_summary.50%.max,117.0,full_system_latency_summary
full_system_latency_summary.75%.mean,30.289235087005483,full_system_latency_summary
full_system_latency_summary.75%.std,50.06955795007263,full_system_latency_summary
full_system_latency_summary.75%.min,0.6375098571360078,full_system_latency_summary
full_system_latency_summary.75%.max,117.0,full_system_latency_summary
full_system_latency_summary.max.mean,30.289235087005483,full_system_latency_summary
full_system_latency_summary.max.std,50.06955795007263,full_system_latency_summary
full_system_latency_summary.max.min,0.6375098571360078,full_system_latency_summary
full_system_latency_summary.max.max,117.0,full_system_latency_summary
