t,load,renewable_available,price,carbon_intensity,grid_cap,shift_limit,shed_limit
0,0.21551724,0.13827564,0.1748639454209825,30.348136810225792,0.88505747,28.5546177633821,0.0
1,0.25862068,0.14906381,0.1015589310002202,20.57892190704449,0.88505747,27.42730488576357,0.0
2,0.22988506,0.16085625,0.2641629423640793,0.0,0.88505747,15.66418765408322,0.0
3,0.10057471,0.16505407,0.178136788688659,1.0981134584919958,0.88505747,21.821074842518566,0.0
4,0.08045977,0.15221737,0.1023006520469662,31.905660056774533,0.88505747,43.603335711634514,0.0
5,0.10344828,0.14037143,0.1094136491132997,32.96587395912917,0.88505747,27.95752473625389,0.0
6,0.12931034,0.13505109,0.1149949384387711,17.046002486352506,0.88505747,22.940243986052,0.0
7,0.109195404,0.13498609,0.1181742233326125,28.61734279484016,0.88505747,28.61076731029792,0.0
8,0.094827585,0.13324712,0.197054163519782,52.72442053089209,0.88505747,41.51907941033132,0.0
9,0.44252872,0.13066165,0.1619728709600605,31.270382778422608,0.88505747,28.72589077473073,0.0
10,0.15804598,0.16862772,0.1594954204440123,13.707467631422574,0.88505747,26.67564556690561,0.0
11,0.10057471,0.16296105,0.1283451618672698,19.65418865164735,0.88505747,31.703043729095786,0.0
12,0.048850574,0.15075204,0.2329522732197584,16.689329333235765,0.88505747,16.424092611915615,0.0
13,0.05172414,0.13580626,0.1029870948985089,21.85736700077885,0.88505747,23.045244976838607,0.0
14,0.048850574,0.12614115,0.2208803099684166,14.695468037606046,0.88505747,30.357823342482217,0.0
15,0.05172414,0.12000258,0.2794863172514977,2.818414770215488,0.88505747,19.97062573622714,0.0
16,0.040229887,0.11691053,0.2004755780574226,4.303859220400101,0.88505747,25.74808690688507,0.0
17,0.04597701,0.11413415,0.1301371504321961,2.314599772952433,0.88505747,20.68242782190816,0.0
18,0.048850574,0.113261715,0.1456508075153705,30.743298709306902,0.88505747,43.92394297534861,0.0
19,0.03735632,0.11327641,0.2636220379013598,59.13163229820768,0.88505747,43.552292866774,0.0
20,0.048850574,0.11218631,0.1044801067213034,40.95214692680212,0.88505747,41.650520072977976,0.0
21,0.03735632,0.11277704,0.1470288106707715,34.14159807834939,0.88505747,40.27302288778177,0.0
22,0.054597702,0.1119954,0.1206818566863258,1.140361093716204,0.88505747,19.25063118736741,0.0
23,0.2672414,0.11337584,0.2372894690455908,36.4039219386402,0.88505747,29.681707187578123,3.797728709287185e-15
24,0.19827586,0.1381737,0.2074822146574257,30.77720802339308,0.88505747,31.069791325272146,0.0
25,0.18390805,0.1478131,0.1932075665187735,25.413881714055968,0.88505747,29.08409812597753,0.0
26,0.03735632,0.15180677,0.1844495720139383,40.174336795679146,0.88505747,40.36078112292768,0.0
27,0.048850574,0.13692158,0.25306705621764,52.32481163307302,0.88505747,40.24453160974191,0.0
28,0.048850574,0.12728162,0.1344201462785222,31.246550208467514,0.88505747,31.32973634243552,0.0
29,0.048850574,0.1210175,0.2271797373527024,47.96032667881817,0.88505747,42.37789848463439,0.0
30,0.03735632,0.117342845,0.2940518044696315,32.499136791961845,0.88505747,41.32313180165328,0.0
31,0.04597701,0.11409818,0.1193053543923778,0.0,0.88505747,21.82113445986916,0.0
32,0.048850574,0.11321759,0.2082046272186269,13.31129735561372,0.88505747,28.0694318492386,0.0
33,0.03735632,0.113245755,0.2578356024413615,49.96258332082333,0.88505747,43.84117463581505,0.0
34,0.054597702,0.112172246,0.219679988324181,38.10488633566396,0.88505747,28.99721547360257,0.0
35,0.0862069,0.113411084,0.1888186788935621,41.11272229246261,0.88505747,41.07991521239676,0.0
36,0.060344826,0.11785959,0.2397814199300367,21.163452496989706,0.88505747,18.9858987016654,0.0
37,0.05172414,0.118058786,0.1566558897869459,20.02159381338903,0.88505747,17.400816795916835,0.0
38,0.04310345,0.11702834,0.137890936209009,41.99000893907637,0.88505747,33.72816188640453,0.0
39,0.04597701,0.115246534,0.2352073699940113,19.3124292395924,0.88505747,18.956429348074376,0.0
40,0.05172414,0.11433531,0.107307971267693,20.26462961635483,0.88505747,31.230572614963013,0.0
41,0.04597701,0.11442803,0.2304461652489556,0.0,0.88505747,19.8890694490046,0.0
42,0.04310345,0.113937914,0.2735312988165278,29.1956145548362,0.88505747,22.834151115898813,0.0
43,0.048850574,0.113311216,0.1854497300046065,58.821219684787,0.88505747,43.07011282966585,0.0
44,0.06321839,0.113546714,0.2076960819875721,57.619297244292135,0.88505747,44.08697124189303,0.0
45,0.04597701,0.11534673,0.2021548358955728,7.512013435668917,0.88505747,20.73749875345589,0.0
46,0.048850574,0.11469254,0.1715413643345333,6.713854548004082,0.88505747,22.71480417948841,0.0
47,0.057471264,0.114479676,0.2609545547255268,27.466375570903683,0.88505747,23.02506007165344,0.0
48,0.066091955,0.115278974,0.1823614851110565,10.792448688587044,0.88505747,18.951093516280828,0.0
49,0.04597701,0.11680101,0.1014619079243174,40.97814976736685,0.88505747,38.38537050743612,0.0
50,0.057471264,0.115592524,0.2877360629311823,43.14484131894384,0.88505747,36.178832873889625,0.0
51,0.18390805,0.115945846,0.1136243867042445,25.858274811921365,0.88505747,30.078760002642056,0.0
52,0.25,0.13032703,0.1084267588158966,40.64296873716466,0.88505747,37.43939016660929,0.0
53,0.10344828,0.14793299,0.1221788804705158,14.410814986175048,0.88505747,27.946082853551868,0.0
54,0.07183908,0.14297448,0.2153488039409691,29.96782530835538,0.88505747,39.944025269674505,0.0
55,0.0862069,0.13481532,0.2081317920367408,24.809461571387537,0.88505747,26.643652900771425,0.0
56,0.41379312,0.13046162,0.1155040859676082,21.748114313780864,0.88505747,19.614298459986745,0.0
57,0.15804598,0.1649581,0.2220961177963536,14.790078648945798,0.88505747,16.49384403773415,0.0
58,0.1408046,0.16032343,0.1698993379326352,38.3799017186746,0.88505747,39.84796527200098,0.0
59,0.11494253,0.15367205,0.1716800904307406,25.733441010028304,0.88505747,31.22152187930841,0.0
60,0.07471264,0.14554366,0.2070055845024462,8.081242615177382,0.88505747,20.82972391109097,0.0
61,0.07471264,0.1354528,0.246676399579579,5.243919189335979,0.88505747,26.99155629013092,0.0
62,0.054597702,0.12889078,0.2381455986433321,28.08680313713092,0.88505747,28.50336649423127,0.0
63,0.040229887,0.122748,0.1647606610974241,43.94588620166323,0.88505747,39.6948201492897,0.0
64,0.04597701,0.11748643,0.2876274936816549,36.70974704982991,0.88505747,42.74975521117282,0.0
65,0.048850574,0.115014955,0.1419071801886655,0.0,0.88505747,18.87195145132564,0.0
66,0.048850574,0.11409332,0.1289168313339849,29.04247030436656,0.88505747,36.90481117172777,0.0
67,0.03735632,0.1137747,0.2932942025012084,23.70542971885062,0.88505747,25.144868457322584,0.0
68,0.07471264,0.11246009,0.203009713397495,31.88502915768091,0.88505747,42.61150053157544,0.0
69,0.060344826,0.1157801,0.1300561422487811,0.0,0.88505747,15.071609881531543,0.0
70,0.054597702,0.11659068,0.230409481831216,0.0,0.88505747,20.20146280529859,0.0
71,0.048850574,0.11641419,0.2808246669168568,30.22898148852185,0.88505747,35.941305653161535,0.0
72,0.04597701,0.11556433,0.1652354964391793,37.805630040056414,0.88505747,35.31167847472871,0.0
73,0.04310345,0.11462851,0.2995832997311497,0.3846940237077476,0.88505747,22.67735592227904,0.0
74,0.048850574,0.11369108,0.2662283358689565,45.466396048488654,0.88505747,36.13364895283632,0.0
75,0.05172414,0.11373605,0.141065846149586,17.581561959867077,0.88505747,34.181368299891155,0.0
76,0.04310345,0.11415456,0.2551839144216214,47.16647886289916,0.88505747,36.99644051747216,0.0
77,0.04310345,0.11351837,0.2405872678830586,35.9994484501712,0.88505747,42.85603710763744,0.0
78,0.048850574,0.11306958,0.2776019883228527,46.23120391185611,0.88505747,38.57255918681697,0.0
79,0.060344826,0.11341873,0.2694473743524029,28.71954620558993,0.88505747,42.36532233062049,0.0
80,0.16954023,0.11496796,0.2906899194603721,13.080310028579618,0.88505747,26.403325443910013,0.0
81,0.12643678,0.12822746,0.2842482016917088,52.736418371318585,0.88505747,44.529924849205095,0.0
82,0.13218391,0.13259712,0.1876805098010148,23.92870572865416,0.88505747,20.123027981154145,0.0
83,0.11494253,0.13566579,0.166215696290098,6.803586107476244,0.88505747,15.391216030803731,0.0
84,0.06896552,0.13535357,0.2284715608508935,11.014611345800636,0.88505747,30.150015487827936,0.0
85,0.05172414,0.12960382,0.2171924616529718,17.08576542235802,0.88505747,26.416725930762063,0.0
86,0.048850574,0.12354146,0.2889172062067958,19.825018558332506,0.88505747,29.962719314552057,0.0
87,0.040229887,0.119222656,0.2619354046473857,0.3955515787428698,0.88505747,16.926175945493213,0.0
88,0.048850574,0.11564879,0.1612886213611606,24.706765484592328,0.88505747,29.03409163848733,0.0
89,0.048850574,0.11449388,0.1481533445477899,0.0,0.88505747,18.416340486100182,0.0
90,0.04310345,0.11401245,0.2375580257693101,4.811499060055893,0.88505747,26.532630598930112,0.0
91,0.040229887,0.113233164,0.2266263895353063,12.855034245101615,0.88505747,18.78448003205493,0.0
92,0.06896552,0.112476215,0.1998631832602045,32.10558418544856,0.88505747,44.69899023770434,0.0
93,0.1408046,0.11521341,0.1974703587480159,0.0,0.88505747,15.76260076826621,0.0
94,0.083333336,0.12519558,0.1715526724281753,45.255339660530616,0.88505747,37.405996613299806,0.0
95,0.22988506,0.12563874,0.1606814528817011,6.329675204658046,0.88505747,16.585990271604423,0.0
96,0.06321839,0.14195985,0.2162091897087749,49.94031427391955,0.88505747,41.57439251500005,0.0
97,0.060344826,0.13427787,0.2967093850481906,18.38773172632987,0.88505747,20.772746054549145,0.0
98,0.04597701,0.1277818,0.2007744257368759,7.596569222392886,0.88505747,23.71782110157208,0.0
99,0.048850574,0.121609464,0.1976618795421142,23.671251710339742,0.88505747,37.62655289228872,0.0
100,0.077586204,0.117962465,0.2175200454331308,32.64977776364575,0.88505747,34.81485712018655,0.0
101,0.08908046,0.11905433,0.2036444726916908,20.40496443312094,0.88505747,33.86823874674253,0.0
102,0.083333336,0.121449396,0.1887879608359605,49.29989033117946,0.88505747,42.06277808381137,0.0
103,0.08045977,0.12257753,0.1251373252712669,49.852131676973215,0.88505747,44.076121183291065,0.0
104,0.109195404,0.12296696,0.1783508078276239,43.00069668108463,0.88505747,32.35634129952319,0.0
105,0.12643678,0.12636252,0.1557861346434223,42.84233555256508,0.88505747,44.75663620093506,0.0
106,0.11494253,0.13061196,0.2530763009287393,44.12055257123199,0.88505747,34.65985441058616,0.0
107,0.09770115,0.13211122,0.1330317662438469,3.017113065530118,0.88505747,17.322703553997297,0.0
108,0.057471264,0.13094021,0.2801664121079552,48.76618740105421,0.88505747,44.97997261183255,0.0
109,0.04597701,0.1254163,0.2813347748011523,28.673124191254697,0.88505747,32.249469689603195,0.0
110,0.048850574,0.12027134,0.127624695919605,31.748297433783083,0.88505747,26.48514177936315,0.0
111,0.048850574,0.11726728,0.1937326290629053,31.238482484593646,0.88505747,40.99079934937943,0.0
112,0.048850574,0.115535185,0.1144958641280117,54.55384205013186,0.88505747,41.1699150504441,0.0
113,0.048850574,0.11462705,0.1469581870684607,13.397732391454804,0.88505747,32.15780378573866,0.0
114,0.03735632,0.114200994,0.1534502689768427,23.01970139919891,0.88505747,24.755453615700333,0.0
115,0.048850574,0.1127599,0.1633230088727956,57.04358945070403,0.88505747,41.24611364328473,0.0
116,0.057471264,0.113107815,0.2831291031950062,16.551134540303558,0.88505747,19.78148525472597,0.0
117,0.03448276,0.11440115,0.1297471338561305,9.440086705901702,0.88505747,27.392024673304338,0.0
118,0.05172414,0.11278105,0.1856214278712956,22.56075207317324,0.88505747,24.391070749698184,0.0
119,0.040229887,0.113520876,0.2165665229962692,16.325731306997216,0.88505747,15.120220808414553,0.0
120,0.03448276,0.11281012,0.2068469573847675,37.45878372897923,0.88505747,30.530908027759672,4.900294925391792e-16
121,0.05172414,0.111677036,0.2486530920802936,35.56617926579878,0.88505747,35.93861867009828,0.0
122,0.03735632,0.11282621,0.1763495857101887,0.2963004300030846,0.88505747,20.317275130967925,0.0
123,0.04597701,0.11209743,0.1965878586538561,55.414190458715616,0.88505747,42.516705117730986,0.0
124,0.048850574,0.11252582,0.1960190412788112,6.511909561152387,0.88505747,15.288138402809038,0.0
125,0.048850574,0.11315994,0.2118025464543912,36.6385154825746,0.88505747,34.58195551389159,0.0
126,0.06896552,0.113591984,0.2081243505347697,28.25588998662815,0.88505747,39.59327168822886,0.0
127,0.15517241,0.11608945,0.2049126161734649,26.73860085910116,0.88505747,30.76462092058625,0.0
128,0.31034482,0.12741329,0.241371523277863,5.197972245218379,0.88505747,24.9469567298124,0.0
129,0.13218391,0.15283458,0.2220790750983607,22.62020122017963,0.88505747,20.82392694753627,0.0
130,0.1637931,0.14983685,0.1341569028865829,30.5672124556204,0.88505747,42.55193832316835,0.0
131,0.123563215,0.14990567,0.2508901257576333,53.99862125401472,0.88505747,39.837494047499774,0.0
132,0.07471264,0.14481908,0.1549107858131219,22.630270137752824,0.88505747,20.12835229579214,0.0
133,0.054597702,0.13554214,0.1424166578406279,42.0549213992287,0.88505747,41.304484182428894,0.0
134,0.048850574,0.12698607,0.2723522570757862,6.782409540995726,0.88505747,18.17281472528195,0.0
135,0.04597701,0.12090744,0.1687264676695785,4.339336838860008,0.88505747,15.489580746974733,0.0
136,0.04310345,0.11699207,0.2064400725753133,25.964987238297017,0.88505747,23.35361962030053,0.0
137,0.05172414,0.11450823,0.1266903669203524,53.742667730397656,0.88505747,43.3828556386083,0.0
138,0.05172414,0.11415641,0.1727799604545748,18.836604670568946,0.88505747,26.06239337448385,0.0
139,0.03735632,0.114202574,0.2357741880865619,10.015740338420844,0.88505747,28.380882722505536,0.0
140,0.05172414,0.11278425,0.2087601358417176,19.568029693652697,0.88505747,27.40224622370622,0.0
141,0.20402299,0.113449335,0.1774699060314054,0.0,0.88505747,19.44810355969395,0.0
142,0.25574714,0.13099666,0.2933817894384791,35.03951911867282,0.88505747,27.00572716545204,0.0
143,0.5344828,0.14924684,0.1945743382973928,22.192461457785868,0.88505747,20.45252988260228,0.0
144,0.112068966,0.19373755,0.2478306040493665,23.181257842645053,0.88505747,33.21005376724296,0.0
145,0.077586204,0.17480074,0.2646541751888497,27.314825935119945,0.88505747,22.948344888622746,0.0
146,0.5632184,0.15497218,0.2251022573431032,23.43285777364441,0.88505747,30.38437707077,0.0
147,0.47126436,0.1969146,0.2721714712794109,4.760491041020903,0.88505747,22.695660271277568,0.0
148,0.41379312,0.21725975,0.2462043128712805,1.7559000180676982,0.88505747,21.55952513793152,0.0
149,0.5,0.2235337,0.2583739900606165,35.93834561852407,0.88505747,38.80002058851783,0.0
150,0.29885057,0.23661385,0.2855335137387595,47.68967571090543,0.88505747,37.888127149169954,0.0
151,0.5574713,0.22067447,0.1796777657036291,12.39949360255077,0.88505747,22.148399003560908,0.0
152,0.3505747,0.23924546,0.1841407361595669,21.47036610155913,0.88505747,34.11608585662811,0.0
153,0.55172414,0.22793208,0.2964813576253952,35.484955479717414,0.88505747,36.8934066967584,7.840471596409771e-15
154,0.31034482,0.24336834,0.2757893739328997,9.613640802239422,0.88505747,24.42071504221681,0.0
155,0.15804598,0.22548242,0.2493701408792333,0.0,0.88505747,19.65808063238304,0.0
156,0.060344826,0.19400604,0.1056845654883237,32.11625409124246,0.88505747,27.92349043495387,0.0
157,0.04597701,0.16106194,0.2053717160873646,2.640607694009156,0.88505747,20.8869602842728,0.0
158,0.057471264,0.13829114,0.2362100366100975,29.65025970744832,0.88505747,31.742239892400026,0.0
159,0.05172414,0.12614702,0.141103685656856,22.112459269195817,0.88505747,24.52586048250832,0.0
160,0.060344826,0.11918552,0.1144687286903736,47.45344084415155,0.88505747,37.278434229377126,0.0
161,0.054597702,0.11678484,0.1095646632432373,60.66644047305111,0.88505747,43.48757319149518,0.0
162,0.054597702,0.11542526,0.1074272930670667,11.558646989776156,0.88505747,30.766347096322608,0.0
163,0.054597702,0.1149991,0.2710787447426093,31.47038995694144,0.88505747,42.94757971030352,0.0
164,0.048850574,0.11498895,0.1067289281983546,0.0,0.88505747,17.266620980727474,0.0
165,0.060344826,0.11449331,0.2754591295915549,6.008016277351476,0.88505747,19.56516930572437,0.0
166,0.14655173,0.115495235,0.2379829558886471,48.56225628403451,0.88505747,36.36647471674085,0.0
167,0.18103448,0.12586023,0.2928043803231946,0.0,0.88505747,16.286218552415594,0.0
168,0.15517241,0.13699213,0.1423908367131029,23.25094019388918,0.88505747,35.708854301728074,0.0
169,0.22413793,0.14140046,0.1599872209200862,7.105928590651663,0.88505747,27.873693784173515,0.0
170,0.11781609,0.15160733,0.2849402512708839,24.74348425172234,0.88505747,24.88321085198436,0.0
171,0.15229885,0.14610302,0.1542884689115299,0.0,0.88505747,15.639427080717835,0.0
172,0.14655173,0.14548224,0.1202157809254677,44.750228055178894,0.88505747,40.3539166461259,0.0
173,0.13505746,0.14432313,0.2339062201093861,21.9244820431126,0.88505747,21.45586305880136,0.0
174,0.17528735,0.14223538,0.2417538858210214,16.127579806019888,0.88505747,29.22709764518585,0.0
175,0.14367816,0.14540619,0.2797687762663934,0.0,0.88505747,18.91698216674652,0.0
176,0.3678161,0.14415549,0.1477106939160792,55.51173247583949,0.88505747,43.926105131641926,0.0
177,0.23850575,0.16887449,0.1385364867279187,26.32771654626637,0.88505747,41.03203448436752,0.0
178,0.10632184,0.17146765,0.2474570495487909,30.562041830562,0.88505747,30.965335013897462,0.0
179,0.10057471,0.15689959,0.1377987627208185,16.615353941481704,0.88505747,34.00625293427978,0.0
180,0.08045977,0.14538634,0.2074699443567558,0.0,0.88505747,18.470241303715696,0.0
181,0.057471264,0.13548267,0.242332029704811,52.20660542373624,0.88505747,38.81185368905899,0.0
182,0.03448276,0.1267662,0.1717759039278429,50.4945887652404,0.88505747,40.42273862364134,0.0
183,0.04310345,0.11894411,0.1584256696164116,31.143581304782906,0.88505747,44.28428535647127,0.0
184,0.04597701,0.115225345,0.2981172893327473,39.36450739464873,0.88505747,32.692338190934386,0.0
185,0.040229887,0.11364512,0.1270456714838473,6.35728995900729,0.88505747,20.520477862512603,0.0
186,0.020114943,0.11238068,0.2117964044649922,33.3120382479601,0.88505747,34.6015244184346,0.0
187,0.040229887,0.109552935,0.2953796930700071,19.845901735428736,0.88505747,19.50032099545312,0.0
188,0.048850574,0.10998987,0.2117995836722113,38.22191187336035,0.88505747,37.96344127578783,0.0
189,0.040229887,0.111449674,0.2863601145759462,16.629974368934796,0.88505747,34.96515026592753,0.0
190,0.112068966,0.11158539,0.2126870954121422,42.35774286988313,0.88505747,31.64083981904672,0.0
191,0.15517241,0.119617194,0.1232418013326482,15.80450661189594,0.88505747,24.29814173408092,0.0
192,0.12643678,0.1300301,0.1909705877581999,57.609141419332445,0.88505747,43.69562540975589,0.0
193,0.13793103,0.13371499,0.2025247339059968,3.9380090972124058,0.88505747,24.219440844279188,0.0
194,0.13218391,0.13693553,0.1906376012545994,51.482342378065184,0.88505747,37.639990310043466,0.0
195,0.11781609,0.13806815,0.2904133394102179,35.669474865473504,0.88505747,29.13610854018607,0.0
196,0.18678162,0.13689102,0.1546880036651295,36.38410065409831,0.88505747,44.73159382808,0.0
197,0.10344828,0.14367788,0.2969804055820708,3.40053177602055,0.88505747,23.02731944050593,0.0
198,0.112068966,0.13894589,0.2850811192111653,10.307984843119437,0.88505747,16.486512685800275,0.0
199,0.19827586,0.13630174,0.2353177535655433,14.742206550387817,0.88505747,16.012231872773235,0.0
200,0.3591954,0.14427112,0.1981870882861788,0.0,0.88505747,16.490563056453638,0.0
201,0.12068965,0.16852559,0.2463739778006571,21.543315666261886,0.88505747,28.80729046912397,0.0
202,0.11781609,0.15787874,0.241962750433927,6.4534212394170005,0.88505747,19.261502676781177,0.0
203,0.37643677,0.1488382,0.2655536365530286,37.3011932338244,0.88505747,44.94460341746648,0.0
204,0.30172414,0.17206518,0.2518978042362421,51.39036417601668,0.88505747,41.06257831875811,0.0
205,0.10057471,0.18036394,0.2124824544592906,25.77959572700198,0.88505747,25.19930372880173,0.0
206,0.094827585,0.16200991,0.2191653183779969,46.81630705891392,0.88505747,36.32356433354116,0.0
207,0.057471264,0.1476943,0.2976682752575319,35.654437978178684,0.88505747,37.2845441640849,0.0
208,0.04310345,0.13397638,0.2968861046585306,21.625790370299267,0.88505747,22.174170183597813,0.0
209,0.048850574,0.12378089,0.2858039987825218,20.728694200069715,0.88505747,26.159681420672445,0.0
210,0.04310345,0.11840062,0.1112666973073124,38.03878206726447,0.88505747,33.51168294777659,0.0
211,0.04597701,0.11495705,0.1220564851716846,0.0,0.88505747,17.380956651946082,0.0
212,0.040229887,0.11353473,0.2851554800834057,37.22804082855031,0.88505747,39.43149451569713,0.0
213,0.04310345,0.112343535,0.1780408062752389,10.358192872797066,0.88505747,23.042803649138865,0.0
214,0.057471264,0.11208716,0.2035619357620148,19.690259663549373,0.88505747,27.047789685743584,0.0
215,0.10344828,0.11366287,0.2906148504039614,4.0459921153934575,0.88505747,25.103998606686428,0.0
216,0.07183908,0.119952455,0.1266101480896918,0.0,0.88505747,16.276399884478426,0.0
217,0.20689656,0.12077649,0.1475708479194271,10.997867147766067,0.88505747,26.087763215792783,0.0
218,0.12931034,0.13620184,0.1399707453780979,15.418545564209788,0.88505747,28.00272581943316,0.0
219,0.30747128,0.13807684,0.1048926693467325,46.39693854311634,0.88505747,33.993876062747624,0.0
220,0.41091955,0.15892486,0.1525477489724775,26.97687554339588,0.88505747,40.42948751664605,0.0
221,0.10344828,0.1853181,0.2007045538711477,43.15796292314686,0.88505747,42.31320045391165,0.0
222,0.14367816,0.16708155,0.1066548904801039,19.081692104954875,0.88505747,19.976000778069544,0.0
223,0.10344828,0.15718615,0.2767909087269216,31.661184377936443,0.88505747,28.5363084250126,0.0
224,0.37068966,0.14568724,0.1768891800093942,13.46347200486272,0.88505747,29.427820056132934,0.0
225,0.21839081,0.16880201,0.193478993250157,19.27297648392904,0.88505747,27.34188715244348,0.0
226,0.14942528,0.16837995,0.2614413318846391,22.7690394379966,0.88505747,23.57771703965202,0.0
227,0.11781609,0.1594161,0.205972172764504,30.21900939250376,0.88505747,23.27241215664081,0.0
228,0.06896552,0.14913426,0.2673474798425006,23.552636922748142,0.88505747,31.97679212293376,0.0
229,0.031609196,0.1366898,0.2673796965828096,26.29992413866278,0.88505747,34.6892806536244,0.0
230,0.054597702,0.124475226,0.2241084571782795,51.63816989173121,0.88505747,40.75031268619168,0.0
231,0.03735632,0.1194296,0.1467156395113562,10.101734470059156,0.88505747,15.892189742600488,0.0
232,0.04597701,0.1149537,0.1513846198370401,22.05884796944897,0.88505747,33.26334842686161,0.0
233,0.040229887,0.11345491,0.141511070558707,24.968213368596235,0.88505747,32.37016200544275,0.0
234,0.04310345,0.11225481,0.2511670958886527,0.3522764611328512,0.88505747,21.669754033087923,0.0
235,0.04310345,0.11201708,0.2181369307703867,32.05494336110846,0.88505747,42.53971927196119,0.0
236,0.05172414,0.1120245,0.2119301141151732,48.580010428344224,0.88505747,40.99713611830133,0.0
237,0.048850574,0.11307199,0.1424759930882057,17.214156542034825,0.88505747,27.16251476686348,0.0
238,0.06321839,0.11351952,0.1409101209979467,25.85316704298626,0.88505747,24.4383413995106,0.0
239,0.048850574,0.115395084,0.2127639802660519,41.04022188194029,0.88505747,44.94127269083911,0.0
240,0.040229887,0.115069345,0.1401886427462451,21.33313670957809,0.88505747,33.04830943904575,0.0
241,0.04310345,0.11379106,0.2922347097074496,48.959068123435074,0.88505747,40.07557116789101,0.0
242,0.040229887,0.11319314,0.2356491691507323,27.097725561217864,0.88505747,28.428279072788595,0.0
243,0.04310345,0.11250888,0.1396075775189665,1.8064982164126384,0.88505747,21.01388571461231,0.0
244,0.022988506,0.11240463,0.155238623381646,0.0,0.88505747,17.065234033911107,0.0
245,0.04310345,0.11016138,0.2557863540853053,27.464341705287865,0.88505747,29.03851694851046,0.0
246,0.040229887,0.11085908,0.1229790932509172,55.4362161364071,0.88505747,43.85177597306784,0.0
247,0.066091955,0.11113657,0.166996458818264,27.32499530045549,0.88505747,23.408076798861007,0.0
248,0.21551724,0.11421512,0.189161573244753,14.749652856408838,0.88505747,16.114588162985275,0.0
249,0.123563215,0.13305286,0.2603112213523871,7.829885282992065,0.88505747,24.259896467419644,0.0
250,0.1637931,0.13576402,0.1201297172079531,29.822279363233505,0.88505747,33.014152770923715,0.0
251,0.15517241,0.14129093,0.1173419059054306,3.104396465513122,0.88505747,21.981528260244925,0.0
252,0.06321839,0.14361137,0.1833579036969227,3.7232103706188897,0.88505747,15.490531079433367,0.0
253,0.031609196,0.13433784,0.2752649737585947,0.1848885146477126,0.88505747,18.306410825896403,0.0
254,0.04597701,0.12403558,0.1574990591705786,30.47327299122036,0.88505747,40.4262796388081,0.0
255,0.040229887,0.11878458,0.234805610199728,27.050081237838807,0.88505747,23.5537413305999,0.0
256,0.04310345,0.11512324,0.1606161323658617,18.543884795869868,0.88505747,16.51718898084417,0.0
257,0.04597701,0.11342318,0.287863754809911,29.505335744271008,0.88505747,31.990961304425653,0.0
258,0.040229887,0.11294784,0.2491581080146934,11.292246625835578,0.88505747,26.058016179714222,0.0
259,0.040229887,0.11222313,0.1859688826347036,3.508534148174362,0.88505747,25.84221877673289,0.0
260,0.06321839,0.11184439,0.1392634210330375,3.391606277364628,0.88505747,18.637432134141847,0.0
261,0.07183908,0.11421202,0.2168823943361969,8.033282666212248,0.88505747,24.899477038473247,0.0
262,0.04310345,0.116869435,0.1214286842380879,21.27124378217293,0.88505747,17.304705129745194,0.0
263,0.057471264,0.11544247,0.1112050777287278,41.90316713398612,0.88505747,40.99778344855516,0.0
264,0.06321839,0.11588739,0.2176645979251856,41.71316074041623,0.88505747,34.502644947550586,0.0
265,0.05172414,0.116825715,0.212071882254931,42.33755935809617,0.88505747,32.18581219183787,0.0
266,0.07183908,0.11618547,0.2280696954181663,0.0,0.88505747,17.880065156261484,0.0
267,0.048850574,0.117926106,0.28819882317772,40.575144067256616,0.88505747,31.2512481989186,0.0
268,0.10057471,0.11658394,0.1291891239268386,33.30068301785973,0.88505747,28.941982298075786,0.0
269,0.09195402,0.12133506,0.1835378205854191,0.0,0.88505747,16.910551022870383,0.0
270,0.094827585,0.12370576,0.1613163307815052,21.99826342684278,0.88505747,33.47251280033559,0.0
271,0.13218391,0.12548053,0.2270570952620879,15.794515049564003,0.88505747,16.139630669474673,0.0
272,0.15517241,0.13070123,0.2731943763596823,6.832494188946469,0.88505747,26.639627306687355,0.0
273,0.25862068,0.13677378,0.2369970182053909,10.409407556047537,0.88505747,30.6158133754992,0.0
274,0.19827586,0.15249021,0.2867016827900922,12.660166238994025,0.88505747,32.02447196019424,0.0
275,0.33620688,0.15624489,0.1391517424530174,52.81913006084889,0.88505747,43.69457016718346,0.0
276,0.09195402,0.17389734,0.2736379587790232,9.985900546194989,0.88505747,18.75785414712998,0.0
277,0.040229887,0.15751077,0.1505173538209306,13.738582001517484,0.88505747,22.16886417587417,0.0
278,0.048850574,0.13914725,0.1179997851543094,29.61254612687468,0.88505747,27.102003796688805,0.0
279,0.040229887,0.12763286,0.1114810293932908,33.75709806195103,0.88505747,38.287988920261206,0.0
280,0.040229887,0.11970225,0.2740887897699399,20.841878902013764,0.88505747,18.349762232696023,0.0
281,0.03735632,0.11520143,0.2519748728163024,25.88462101677609,0.88505747,37.76360731484918,0.0
282,0.040229887,0.11255188,0.214281182635614,35.44049308856662,0.88505747,33.160764825106504,0.0
283,0.048850574,0.111574754,0.152469936839488,54.11480797718058,0.88505747,40.63781243169166,0.0
284,0.04597701,0.11220117,0.1624685695405033,38.30211173206232,0.88505747,34.34125331715116,0.0
285,0.05172414,0.11251265,0.1122037750719985,37.28018375126789,0.88505747,29.999143909252464,0.0
286,0.03735632,0.113421544,0.2456776566480521,49.74967766324593,0.88505747,44.3764344409936,0.0
287,0.04310345,0.11246991,0.200754533720686,13.455998346807435,0.88505747,24.980728924688293,0.0
288,0.014367816,0.1124122,0.1245792295613658,36.10610966502766,0.88505747,31.953586348215904,0.0
289,0.04597701,0.10922411,0.1356554238935902,40.71446508160878,0.88505747,31.803618040926946,0.0
290,0.040229887,0.110528305,0.2826702715198567,5.73907539516224,0.88505747,20.15183784863964,0.0
291,0.04597701,0.11094861,0.1315344015545163,31.762283256754657,0.88505747,27.878434858896025,0.0
292,0.03735632,0.111892,0.2885314203308982,25.61373253265546,0.88505747,22.93928652121944,0.0
293,0.060344826,0.111573175,0.2867359393806638,22.319137521006223,0.88505747,38.48924606543193,0.0
294,0.09195402,0.11384632,0.1240051696518779,10.6084699893682,0.88505747,17.82641562950082,0.0
295,0.10632184,0.11892806,0.2205726493179474,23.95059688672831,0.88505747,37.68654565809789,0.0
296,0.31034482,0.123968735,0.1632766096996934,46.60975360956218,0.88505747,44.05963995882392,0.0
297,0.15804598,0.15026969,0.2850287277769404,46.02753455208114,0.88505747,38.49959050811406,0.0
298,0.12068965,0.15109096,0.290403797879639,6.938996049528007,0.88505747,25.926403773158786,0.0
299,0.15517241,0.14604446,0.1304468283823445,5.708014026121535,0.88505747,24.069434612170205,0.0
300,0.066091955,0.14573678,0.1733799854519839,42.52607822582133,0.88505747,42.33699721272959,0.0
301,0.03735632,0.13538341,0.1881498373363316,37.81711093445881,0.88505747,36.90190146755823,0.0
302,0.048850574,0.12499152,0.2386636512213827,42.239121242885474,0.88505747,35.596086789272555,0.0
303,0.040229887,0.119545326,0.1721832792727079,56.216820158957695,0.88505747,44.72747181156195,0.0
304,0.040229887,0.115509495,0.1760285702169683,28.313163493987417,0.88505747,33.294669736656594,0.0
305,0.014367816,0.11327286,0.1559624354725333,17.472869221888068,0.88505747,20.11301206839409,0.0
306,0.05172414,0.10928443,0.100525161773302,30.27435972267177,0.88505747,25.70102512601263,0.0
307,0.040229887,0.110931024,0.1082174380269339,10.994684338487655,0.88505747,30.62817939706547,0.0
308,0.057471264,0.1111017,0.2107262707334601,19.55402850138716,0.88505747,26.62092523145928,0.0
309,0.066091955,0.113192186,0.1088506908340553,1.5950924697810258,0.88505747,19.402168713252056,0.0
310,0.08908046,0.11561103,0.2958595778702386,7.361020689324755,0.88505747,15.72859600482737,0.0
311,0.16954023,0.11976245,0.2391609975433184,15.472274353527403,0.88505747,20.62719374401252,0.0
312,0.077586204,0.13151826,0.1416212894941339,19.304522551547084,0.88505747,23.87171162090437,0.0
313,0.09195402,0.12914301,0.2762346057330164,6.458508381463028,0.88505747,20.14552371752905,0.0
314,0.077586204,0.12845458,0.1675151108170775,38.41890789533214,0.88505747,36.0230295638984,0.0
315,0.07471264,0.12616374,0.2163969491108277,16.86915195869701,0.88505747,32.514248079107126,0.0
316,0.057471264,0.12421748,0.2050841949581242,51.67484242275624,0.88505747,40.80362111419904,0.0
317,0.054597702,0.12103221,0.1374275531649612,42.94145047885902,0.88505747,38.28504324942477,0.0
318,0.031609196,0.11863357,0.1889935235942976,31.06626847659585,0.88505747,31.11968689462553,0.0
319,0.03448276,0.11461814,0.2053465003330183,7.593084329895378,0.88505747,21.257742014356268,0.0
320,0.08045977,0.11235571,0.1131147995900016,24.041326698020388,0.88505747,30.729484874531,0.0
321,0.0862069,0.1161505,0.1676506028550007,25.96931405970119,0.88505747,26.950759360307405,0.0
322,0.06321839,0.1196544,0.1066414165139767,0.0,0.88505747,17.821909006631675,0.0
323,0.07183908,0.11945759,0.1820695587007944,40.58398058841446,0.88505747,41.97278002051707,0.0
324,0.06321839,0.12007746,0.2284029516749172,32.63115458326491,0.88505747,29.1760715027262,0.0
325,0.04310345,0.119463325,0.209229903934879,24.11221964809638,0.88505747,27.50874182540825,0.0
326,0.028735632,0.11674249,0.1777677055886081,0.0,0.88505747,18.703919174315605,0.0
327,0.03448276,0.11326702,0.2047051386237373,10.593164302143071,0.88505747,19.83612283962054,0.0
328,0.040229887,0.11162336,0.2687453980271617,17.39046714796882,0.88505747,31.217406229478428,0.0
329,0.048850574,0.11133753,0.1717140190358957,42.07274465415166,0.88505747,38.41842068630682,0.0
330,0.03448276,0.11226629,0.2597026595684459,22.01315299706105,0.88505747,32.37781925099821,0.0
331,0.048850574,0.111407146,0.106656663933445,0.0,0.88505747,15.957154198762838,0.0
332,0.040229887,0.11239472,0.2444613470911541,40.1071577797244,0.88505747,40.79810104750681,0.0
333,0.054597702,0.11215754,0.191203035848726,30.084761193702672,0.88505747,28.07210434873805,0.0
334,0.048850574,0.11355768,0.1337666298688322,16.002850352397733,0.88505747,23.574220095969626,0.0
335,0.31034482,0.11388834,0.1487287369634664,13.358876279811776,0.88505747,25.75683868653972,0.0
336,0.48563218,0.14337638,0.1417708002867332,42.8810079136807,0.88505747,41.79215777216492,0.0
337,0.61206895,0.18460427,0.1345698712603256,9.897656716686308,0.88505747,16.572482522901133,0.0
338,0.6954023,0.22804944,0.2421890247460581,0.0,0.88505747,19.67161736781928,0.0
339,0.3448276,0.2672438,0.2499050020273343,33.10100395051014,0.88505747,34.41665956719507,0.0
340,0.54310346,0.24955235,0.2756527237309161,9.092302140516816,0.88505747,18.46000342224563,0.0
341,0.47413793,0.25755394,0.2978107341259232,15.939573210673402,0.88505747,17.792682957042246,0.0
342,0.57471263,0.25421548,0.2114457571263124,38.262808398247074,0.88505747,38.51689184656836,0.0
343,0.123563215,0.2635358,0.265688594593345,46.98026366419035,0.88505747,34.756988118778295,0.0
344,0.11494253,0.21533905,0.241652283440187,4.45156033118676,0.88505747,18.845889866487106,0.0
345,0.16666667,0.17994617,0.1752059133368996,21.02603600373393,0.88505747,21.007113399261268,0.0
346,0.13793103,0.16316949,0.1562871349980144,14.078248223288307,0.88505747,25.63101524250761,0.0
347,0.11494253,0.15079902,0.1935445129887551,5.711287557743259,0.88505747,18.85305240956048,0.0
348,0.18390805,0.1415123,0.1242248726649331,8.18139009083079,0.88505747,27.005009228014163,0.0
349,0.077586204,0.14425573,0.2291948595098862,37.645729691785775,0.88505747,37.24677912912921,0.0
350,0.20689656,0.13516383,0.1900081971980235,33.83496300937545,0.88505747,43.96167916869318,0.0
351,0.054597702,0.14377661,0.192214997069588,28.679666957016256,0.88505747,24.78975473056889,0.0
352,0.048850574,0.13310604,0.1501958575023552,53.39113272423951,0.88505747,42.89396266164368,0.0
353,0.040229887,0.12493236,0.2133834900778367,52.94301236073397,0.88505747,41.08751339774729,0.0
354,0.04310345,0.11870736,0.1609109663521371,50.676490218918254,0.88505747,37.224743451613456,0.0
355,0.04597701,0.11530168,0.1624974512957482,9.40814154398971,0.88505747,17.870000852670955,0.0
356,0.03735632,0.11381082,0.276642716062622,13.339615030993151,0.88505747,31.95737456827756,0.0
357,0.05172414,0.11222097,0.1202116555276,40.66339610253716,0.88505747,42.56232691291876,0.0
358,0.060344826,0.112949476,0.1141443531189087,22.860407619861206,0.88505747,29.776807578605965,0.0
359,0.27873564,0.114585355,0.1415678218012135,0.0,0.88505747,21.92947006753611,0.0
360,0.14655173,0.14024608,0.2079774186032255,26.329490642990592,0.88505747,32.282631130306925,0.0
361,0.29885057,0.14328627,0.2509799257622013,14.43173930923952,0.88505747,19.61155692144816,0.0
362,0.54310346,0.16164277,0.2889223165056149,41.842526117819176,0.88505747,44.20930758064336,0.0
363,0.16954023,0.20252077,0.2089200682395327,13.963580687575488,0.88505747,31.652040527818603,0.0
364,0.12931034,0.18660383,0.2444608461446097,36.08584645608615,0.88505747,44.47070278137948,0.0
365,0.13505746,0.16829781,0.1208008424069212,0.0,0.88505747,22.92943550292013,0.0
366,0.11781609,0.15572275,0.102376057059149,26.08529503333164,0.88505747,21.924199315171755,0.0
367,0.10344828,0.14573525,0.2556326999779804,22.45407722066193,0.88505747,33.81531191307278,0.0
368,0.40804598,0.13809432,0.2810971004118358,54.25563949313537,0.88505747,39.60344950341189,0.0
369,0.15804598,0.16840903,0.1919836058078407,33.86481044298369,0.88505747,41.040705925038594,0.0
370,0.11781609,0.16179477,0.148340537979931,42.688995016127045,0.88505747,44.2010965370284,0.0
371,0.15229885,0.15147348,0.1526025503954479,16.86661214434214,0.88505747,32.39371865324218,0.0
372,0.10344828,0.14792219,0.2257967855374784,49.78636000564753,0.88505747,38.80668117332778,0.0
373,0.0862069,0.14030285,0.2493930729440115,56.23906026025018,0.88505747,41.6448556442876,0.0
374,0.054597702,0.1334226,0.2655138767164507,46.3055559938721,0.88505747,42.217865042008256,0.0
375,0.05172414,0.12559593,0.1749775724861832,44.86717292606979,0.88505747,43.90086165587653,0.0
376,0.040229887,0.12038976,0.2213634486214768,20.436641250253047,0.88505747,18.97635678939045,0.0
377,0.05172414,0.11609891,0.2381375018359003,5.762864354926983,0.88505747,17.8424629737784,0.0
378,0.040229887,0.11490436,0.2571267366592465,48.79800418612948,0.88505747,38.985488023726575,0.0
379,0.03735632,0.11321598,0.1431667037988228,25.983517432623767,0.88505747,33.72883782356682,0.0
380,0.066091955,0.111965016,0.1121732781275048,26.303305724839674,0.88505747,36.89786353103922,0.0
381,0.054597702,0.114456356,0.2661127941401133,6.328421478816013,0.88505747,23.834858669524813,0.0
382,0.048850574,0.115047544,0.2402226578043521,55.37901122805189,0.88505747,41.104069486448616,0.0
383,0.040229887,0.114770636,0.1840733290904119,19.29060894886839,0.88505747,21.04852772842526,0.0
384,0.04597701,0.11356811,0.2173239576893774,0.0,0.88505747,16.84016343268085,0.0
385,0.040229887,0.11336273,0.2474322525110737,0.0,0.88505747,20.619175567973024,0.0
386,0.048850574,0.1126378,0.1043462110186155,18.65172427778612,0.88505747,35.23293581062245,0.0
387,0.057471264,0.11312659,0.2193106974488111,38.86077983562462,0.88505747,44.64532180131275,0.0
388,0.048850574,0.11446868,0.2046969823757572,13.381642484824203,0.88505747,16.832204493020644,0.0
389,0.05172414,0.11444433,0.2863735571189811,3.87304654346108,0.88505747,26.45777901447443,0.0
390,0.077586204,0.11468397,0.1263639476800592,9.6683815680805,0.88505747,26.48043377360141,0.0
391,0.22126436,0.11769314,0.2628010959750176,41.63465871735657,0.88505747,33.38847434268738,0.0
392,0.6063218,0.13587071,0.2174839001943449,35.24730350172867,0.88505747,26.79619674603548,0.0
393,0.1637931,0.19300942,0.2726599993045059,1.347279820098001,0.88505747,24.71101844356476,0.0
394,0.15804598,0.18122877,0.1461618791961416,15.94090230518897,0.88505747,27.06161695883952,0.0
395,0.13218391,0.16920622,0.1056219939808078,8.072519959266947,0.88505747,28.996921406467347,0.0
396,0.06896552,0.15684745,0.2820671681585542,34.96852850314285,0.88505747,38.59259321065179,0.0
397,0.060344826,0.1412748,0.2429972775480542,13.755734548283964,0.88505747,32.004142781445104,0.0
398,0.05172414,0.13020442,0.295655086480406,42.68705113182126,0.88505747,31.806912736961834,0.0
399,0.03735632,0.12259175,0.1900148853522624,51.08008358963375,0.88505747,43.19456223623423,0.0
400,0.048850574,0.116681114,0.1020685397193205,35.00973612736349,0.88505747,35.54998862664004,0.0
401,0.04597701,0.114624456,0.2256397049787836,20.99350848952657,0.88505747,29.97318194493116,0.0
402,0.04310345,0.11347529,0.1365609976244597,49.09508363050259,0.88505747,36.16329684278585,0.0
403,0.04310345,0.11271301,0.1562011404481749,29.73666147219527,0.88505747,32.602093747597095,0.0
404,0.13505746,0.11238597,0.1373815445796677,14.296349433801188,0.88505747,19.022165445341063,0.0
405,0.07471264,0.12250219,0.1053976234144424,41.94750382694214,0.88505747,33.94550661845385,0.0
406,0.22988506,0.122889325,0.1607821125932048,13.353912942520422,0.88505747,32.33199039661887,0.0
407,0.048850574,0.1401848,0.280904080428593,44.87763322167916,0.88505747,41.015830016060086,0.0
408,0.01724138,0.1316215,0.171432101790121,0.4326963230715425,0.88505747,15.957563790341531,0.0
409,0.066091955,0.12128413,0.2507705869838212,46.86462593461757,0.88505747,37.527613205664366,0.0
410,0.12643678,0.11953433,0.1473006433641485,15.79363555404435,0.88505747,26.297496668977484,0.0
411,0.1724138,0.1255549,0.1422049750232655,24.371304257513504,0.88505747,26.951741354200472,0.0
412,0.15517241,0.13525823,0.1094937181906134,33.45988447989518,0.88505747,36.92179250441781,0.0
413,0.20977011,0.13996933,0.1841250433547814,36.95337317785113,0.88505747,32.35320797577136,0.0
414,0.1954023,0.14895357,0.1156484848941817,9.092357951102514,0.88505747,29.46664873079768,0.0
415,0.1954023,0.15316789,0.1826502957552787,33.38494145365404,0.88505747,38.54107059018952,0.0
416,0.30172414,0.15551837,0.2654560380724724,2.4578576474018146,0.88505747,18.31393361056269,0.0
417,0.18678162,0.16894545,0.2568538354282737,16.86678587244125,0.88505747,35.212067888433786,0.0
418,0.1637931,0.16483147,0.1004339906040129,24.884503105529777,0.88505747,33.72988054289941,0.0
419,0.11781609,0.15853606,0.1879664822217358,21.74777643444436,0.88505747,30.10731975576025,0.0
420,0.083333336,0.14868318,0.2274332836816759,19.78702991035492,0.88505747,32.6065510420557,0.0
421,0.057471264,0.13813508,0.1445241238479112,42.82149723281578,0.88505747,36.81092406049781,0.0
422,0.05172414,0.12845866,0.171694664029481,0.0,0.88505747,15.858876151187252,0.0
423,0.04310345,0.12184495,0.2473014712149952,6.237345107083774,0.88505747,18.108209441974445,0.0
424,0.04310345,0.11707145,0.1907565912225143,16.9442482157362,0.88505747,21.09549976083529,0.0
425,0.048850574,0.11440417,0.1812514757207971,32.42195359394917,0.88505747,26.65600891123204,0.0
426,0.03448276,0.113686204,0.2566507055164615,25.0986877618482,0.88505747,21.762380347397265,0.0
427,0.04597701,0.11193335,0.2030129004918149,0.0,0.88505747,17.436751164855462,0.0
428,0.04597701,0.11216904,0.2489752709834978,45.9074957404789,0.88505747,40.610669896035176,0.0
429,0.04597701,0.1124876,0.171815631187815,25.130910778511183,0.88505747,33.096608320218145,0.0
430,0.06321839,0.11277069,0.2665863814703864,36.27335481566065,0.88505747,27.562205370434665,0.0
431,0.094827585,0.11488967,0.1103608542989917,35.603404711030315,0.88505747,32.07331021568689,0.0
432,0.10632184,0.119870216,0.2816286927539625,15.095900738097646,0.88505747,17.317751072654787,0.0
433,0.0862069,0.12452774,0.2255217623480367,26.0173968836622,0.88505747,35.04540548013772,0.0
434,0.03735632,0.12525219,0.2082059689563843,10.580471381076398,0.88505747,24.45092567346807,0.0
435,0.054597702,0.119962946,0.1337330534068463,27.606005418967587,0.88505747,28.470096435718435,0.0
436,0.07471264,0.11803138,0.1903600308021899,6.073872644314364,0.88505747,26.64290316280928,0.0
437,0.08908046,0.11909261,0.1129473248796272,28.47087595949699,0.88505747,27.87794617064922,0.0
438,0.08908046,0.12160775,0.1230512589986391,30.405454964780184,0.88505747,30.439807769662742,0.0
439,0.3505747,0.12338553,0.1336100483730435,30.051250619255192,0.88505747,32.20677233694871,0.0
440,0.15517241,0.1540838,0.2933842729812496,38.433406163339896,0.88505747,32.64415824361203,0.0
441,0.22126436,0.15330453,0.271105162728368,0.0,0.88505747,16.335530886013622,0.0
442,0.15517241,0.15887548,0.1540024663112321,0.0,0.88505747,20.088634939259528,0.0
443,0.27873564,0.15451623,0.2588817701922765,31.450252144738386,0.88505747,34.634113652360185,3.9610716839888475e-15
444,0.048850574,0.16514121,0.2467755471358673,33.15434232260373,0.88505747,44.29466159078585,0.0
445,0.04310345,0.14619417,0.2401044696626535,18.46805788598006,0.88505747,23.57355815968805,0.0
446,0.04310345,0.13191976,0.1044865643932489,16.969265306218276,0.88505747,28.46405846740556,0.0
447,0.04310345,0.12264608,0.2481180336305796,45.04469648257824,0.88505747,39.1613292465581,0.0
448,0.04597701,0.117199406,0.1393527018506042,32.8319506155229,0.88505747,35.78443575752582,0.0
449,0.03735632,0.114602074,0.1774704664609949,32.730039305003814,0.88505747,30.28254445890181,0.0
450,0.048850574,0.112462536,0.2437200659978152,40.60311578060226,0.88505747,33.09685941721414,0.0
451,0.03735632,0.11263196,0.2631464291908595,39.2186488594501,0.88505747,41.89844857787598,0.0
452,0.048850574,0.11173497,0.2975250414570273,34.28192446786935,0.88505747,33.368259174570504,0.0
453,0.057471264,0.11249174,0.1814917393808615,52.78996384313651,0.88505747,42.16371869990952,0.0
454,0.123563215,0.11405639,0.1753016700506494,27.936309604991184,0.88505747,34.21222263226076,0.0
455,0.22126436,0.122504786,0.2514366295261701,25.48984599006656,0.88505747,21.76531134616635,0.0
456,0.4281609,0.13934477,0.1113602992582006,38.89166124094709,0.88505747,33.500009724302664,0.0
457,0.40804598,0.17460369,0.2360073291934496,26.14196531354953,0.88505747,27.92756288578165,0.0
458,0.37068966,0.19657557,0.1337924595924712,17.444295320840236,0.88505747,29.81051548020784,0.0
459,0.33333334,0.2057956,0.1164984298671496,8.513310456784502,0.88505747,17.62285331566418,0.0
460,0.08045977,0.2059056,0.2745982699846514,0.9209325228434658,0.88505747,24.119730913257712,0.0
461,0.06896552,0.17487834,0.1241623177835855,32.59516465987806,0.88505747,34.240134061196784,0.0
462,0.057471264,0.15135437,0.1348065925152184,16.347173248693128,0.88505747,21.20236727865144,0.0
463,0.8045977,0.1349087,0.2537635527747697,25.51107216791808,0.88505747,24.74131989800264,0.0
464,0.70977014,0.21119137,0.2057990735978679,1.3164731390762263,0.88505747,17.928284333776734,0.0
465,0.3218391,0.2575878,0.1247169998673838,56.9831988963312,0.88505747,44.09370844125363,0.0
466,0.33620688,0.24126373,0.1179676826233779,41.01928352273509,0.88505747,31.528891847828923,0.0
467,0.109195404,0.22751795,0.2356539136682787,51.80416157131177,0.88505747,43.968186984350936,0.0
468,0.083333336,0.18978094,0.1055892598900885,6.425365916392141,0.88505747,26.12321016066544,0.0
469,0.07183908,0.16078097,0.1332215371983096,13.438090791037444,0.88505747,29.673325825107785,0.0
470,0.06321839,0.14125419,0.2422771887367518,28.35908422347384,0.88505747,22.98950812675972,0.0
471,0.054597702,0.12899216,0.1568297603242696,27.5419310568766,0.88505747,29.04400518138794,0.0
472,0.05172414,0.12141462,0.1107232483288799,23.871185734125163,0.88505747,24.82005673061656,0.0
473,0.03735632,0.11721465,0.1318666599480875,12.980287906723438,0.88505747,15.278210200539892,0.0
474,0.05172414,0.113643125,0.1447502669735727,23.07480918791513,0.88505747,35.11656190309136,0.0
475,0.05172414,0.11335449,0.1430662285754603,31.56816470113853,0.88505747,32.51723538317301,0.0
476,0.05172414,0.11357579,0.1470136031933456,4.0403193320473125,0.88505747,24.812001952530245,0.0
477,0.060344826,0.113933176,0.1523218198614644,22.41714179513248,0.88505747,32.35776528069385,0.0
478,0.14367816,0.11521663,0.1664753939275927,0.0,0.88505747,18.90577177118532,0.0
479,0.17528735,0.12541835,0.2182691300953392,36.85111753813923,0.88505747,34.75099172966328,0.0
480,0.38505748,0.13607712,0.1183142396712678,44.694100402447006,0.88505747,35.71788025617468,0.0
481,0.38505748,0.16708575,0.1776291748115681,0.0,0.88505747,17.470160335111714,0.0
482,0.48563218,0.18854459,0.1136364523663838,12.784089414411495,0.88505747,29.55966124646247,0.0
483,0.27011493,0.21406503,0.1901141087416167,21.48836831894836,0.88505747,33.98411430596854,0.0
484,0.40804598,0.20485197,0.2963084113592787,26.702642959632463,0.88505747,27.096632289781898,0.0
485,0.12643678,0.21263574,0.243388179785374,37.4030005625452,0.88505747,37.40711998896553,0.0
486,0.083333336,0.18434365,0.2107692018605864,32.54098080898637,0.88505747,33.41848390656164,0.0
487,0.18390805,0.1590425,0.1681042744603404,31.454297608375985,0.88505747,35.95820020152057,2.6134905795061057e-15
488,0.26149425,0.15396042,0.1387314188300847,31.26573925454244,0.88505747,37.538940792564965,0.0
489,0.6925287,0.16101943,0.2133199902616256,49.64328171255754,0.88505747,44.71909514500346,0.0
