scenario_id,total_cost,total_carbon,renewable_utilization_ratio,service_ratio,total_unserved_energy,balance_error,J_total,J_cost,J_carbon,J_shift_penalty,J_shed_penalty,J_unserved_penalty,cost_distance_from_mean
1,0.6658555903171268,5.021616391650944,0.6371323847412234,0.7613168868776118,0.0,0.0,34.90192821699299,0.6658555903171268,5.021616391650944,34.797865651335506,0.0,0.0,0.009532379248299971
2,0.6190824957977988,4.970282666560993,0.6379173524097201,0.7694322629515036,0.0,5.551115123125783e-17,33.9254584950963,0.6190824957977988,4.970282666560993,33.93173578825079,0.0,0.0,0.056305473767627956
3,0.7055485867852582,5.603703554756406,0.6386754272118318,0.7682135042530467,0.0,8.326672684688674e-17,34.111836922109475,0.7055485867852582,5.603703554756406,33.80514005112922,0.0,0.0,0.03016061721983143
4,0.6805262039554495,5.553015612840388,0.6309541404115631,0.7652407685885908,0.0,0.0,34.69664856268787,0.6805262039554495,5.553015612840388,34.43836861759391,0.0,0.0,0.0051382343900227
5,0.5574670936303873,4.410204042645555,0.6382794027255266,0.7766651831671001,0.0,5.551115123125783e-17,32.17567059272555,0.5574670936303873,4.410204042645555,32.423416229373956,0.0,0.0,0.11792087593503953
6,0.7466183318652837,6.498283138125537,0.6284637763773242,0.7723375584227523,0.0,3.3306690738754696e-16,33.630837456628534,0.7466183318652837,6.498283138125537,33.004941033405544,0.0,0.0,0.07123036229985691
7,0.672463093376833,4.717203711034823,0.6365771702504784,0.7816420182630635,0.0,0.0,31.481387342380245,0.672463093376833,4.717203711034823,31.498609545236434,0.0,0.0,0.002924876188593828
8,0.6664318198897288,5.43800762600325,0.629794134291342,0.7663616472627558,0.0,1.5265566588595902e-16,34.518535761771425,0.6664318198897288,5.43800762600325,34.32449145527493,0.0,0.0,0.008956149675698022
9,0.708600554630411,5.350592132186836,0.6291810255790059,0.7682590748378134,0.0,1.6653345369377348e-16,34.1107529407136,0.708600554630411,5.350592132186836,33.881833437676676,0.0,0.0,0.03321258506498426
10,0.7416878819765691,5.924172602746648,0.6410921868949981,0.7702757253236383,0.0,8.326672684688674e-17,34.02150981875032,0.7416878819765691,5.924172602746648,33.587100934235245,0.0,0.0,0.0662999124111423
11,0.7375698422357404,6.08877789628912,0.6346395390004945,0.763013828832676,0.0,2.498001805406602e-16,35.72071459586459,0.7375698422357404,6.08877789628912,35.25547950779864,0.0,0.0,0.06218187267031361
12,0.6668635902212693,5.405928362433899,0.6319655156327332,0.7693379050768321,0.0,5.551115123125783e-17,33.68359766984193,0.6668635902212693,5.405928362433899,33.47770478856535,0.0,0.0,0.008524379344157507
13,0.6370325447935217,5.212740460511593,0.6391324592193691,0.7758958481088394,0.0,1.1102230246251565e-16,32.83298772223217,0.6370325447935217,5.212740460511593,32.75220926888324,0.0,0.0,0.03835542477190512
14,0.669609744093734,5.239411907163719,0.6312375260367994,0.7766263993941508,0.0,2.220446049250313e-16,32.88335032065239,0.669609744093734,5.239411907163719,32.7624957173887,0.0,0.0,0.005778225471692822
15,0.6784512972989614,5.778373311265323,0.6349570236074208,0.7615464433435276,0.0,1.3877787807814457e-16,35.116312546535305,0.6784512972989614,5.778373311265323,34.770956960775315,0.0,0.0,0.003063327733534571
16,0.7282880453625531,5.668361533104868,0.6271913791570258,0.7778876166400375,0.0,5.551115123125783e-17,32.646691756835544,0.7282880453625531,5.668361533104868,32.322841016408745,0.0,0.0,0.0529000757971263
17,0.6045005315204096,5.6019335738952645,0.6332456705161025,0.766318168445867,0.0,2.220446049250313e-16,34.174645476298494,0.6045005315204096,5.6019335738952645,33.98000135808821,0.0,0.0,0.07088743804501718
18,0.6534945241946973,6.6638439928704525,0.6365915260888998,0.7663062835700042,0.0,5.551115123125783e-17,34.77463359612215,0.6534945241946973,6.6638439928704525,34.211739587666365,0.0,0.0,0.02189344537072946
19,0.7062468162746476,6.498027708693029,0.6160963011802606,0.7580151247728841,0.0,1.6653345369377348e-16,36.12874165796119,0.7062468162746476,6.498027708693029,35.53594961932953,0.0,0.0,0.03085884670922079
20,0.6834176521055466,5.461583729978451,0.6346573682274617,0.7570701820020204,0.0,5.551115123125783e-17,35.97737039580942,0.6834176521055466,5.461583729978451,35.730840307717024,0.0,0.0,0.00802968254011982
21,0.7198415512265907,5.776972799538496,0.6399381882512101,0.7644522490261563,0.0,8.326672684688674e-17,34.58911549590601,0.7198415512265907,5.776972799538496,34.19309312256074,0.0,0.0,0.044453581661163866
22,0.6633124885788777,5.3993415848491715,0.6386581597740564,0.7681749600190513,0.0,1.1102230246251565e-16,33.820658461956434,0.6633124885788777,5.3993415848491715,33.61719787284551,0.0,0.0,0.012075480986549092
23,0.6529725021521048,5.509529933823545,0.6344350058724606,0.7629385701490423,0.0,2.7755575615628914e-16,35.092020685259094,0.6529725021521048,5.509529933823545,34.87726700985741,0.0,0.0,0.02241546741332201
24,0.7350295626049999,6.215715873398978,0.6427327451725147,0.770295607656254,0.0,2.220446049250313e-16,34.12551152881472,0.7350295626049999,6.215715873398978,33.61304856038401,0.0,0.0,0.05964159303957306
25,0.5837868942471675,5.2520303801747845,0.6368377754840236,0.7614280719028745,0.0,1.6653345369377348e-16,34.89482312350003,0.5837868942471675,5.2520303801747845,34.81961573882788,0.0,0.0,0.09160107531825934
